benchmark_count,budget_epochs_per_candidate,budget_evaluation_count,budget_generations,budget_policy_name,budget_population_size,budget_wall_clock_seconds,created_at,fairness_benchmark_pack_id,fairness_budget_policy_name,fairness_code_version,fairness_data_signature,fairness_evaluation_count,fairness_seed,pack_name,run_id,run_name,seed,source_manifest_relpath,source_results_relpath,source_run_key,system,version,workspace_relpath
38,1,76,1,,2,,2026-04-16T13:49:01.170584Z,,,,,,,working_33_plus_5_lm_compare,prism_smoke_33_plus_5_lm,prism_smoke_33_plus_5_lm,42,EvoNN-Compare/manual_compare_runs/20260416_smoke_33plus5/normalized/prism_smoke_33_plus_5_lm/manifest.json,EvoNN-Compare/manual_compare_runs/20260416_smoke_33plus5/normalized/prism_smoke_33_plus_5_lm/results.json,prism|prism_smoke_33_plus_5_lm|2026-04-16T13:49:01.170584Z|EvoNN-Compare/manual_compare_runs/20260416_smoke_33plus5/normalized/prism_smoke_33_plus_5_lm/manifest.json,prism,,EvoNN-Compare/manual_compare_runs/20260416_smoke_33plus5/normalized/prism_smoke_33_plus_5_lm
38,1,38,1,,1,,2026-04-16T13:49:01.170584Z,,,,,,,working_33_plus_5_lm_compare,topograph_smoke_33plus5,topograph_smoke_33plus5,42,EvoNN-Compare/manual_compare_runs/20260416_smoke_33plus5/normalized/topograph_smoke_33plus5/manifest.json,EvoNN-Compare/manual_compare_runs/20260416_smoke_33plus5/normalized/topograph_smoke_33plus5/results.json,topograph|topograph_smoke_33plus5|2026-04-16T13:49:01.170584Z|EvoNN-Compare/manual_compare_runs/20260416_smoke_33plus5/normalized/topograph_smoke_33plus5/manifest.json,topograph,,EvoNN-Compare/manual_compare_runs/20260416_smoke_33plus5/normalized/topograph_smoke_33plus5
38,1,76,1,prototype_equal_budget,2,,2026-04-18T12:01:29.586727Z,working_33_plus_5_lm_compare_eval76,prototype_equal_budget,355f598b7304e9653013d2d5e2adde4996061fa3,956b83c8b6f6bc57,76,42,working_33_plus_5_lm_compare_eval76,working_33_plus_5_lm_compare_eval76_seed42,working_33_plus_5_lm_compare_eval76_seed42,42,EvoNN-Compare/manual_compare_runs/20260418_budget76_seed42_fair_matrix_rerun/runs/prism/working_33_plus_5_lm_compare_eval76_seed42/manifest.json,EvoNN-Compare/manual_compare_runs/20260418_budget76_seed42_fair_matrix_rerun/runs/prism/working_33_plus_5_lm_compare_eval76_seed42/results.json,prism|working_33_plus_5_lm_compare_eval76_seed42|2026-04-18T12:01:29.586727Z|EvoNN-Compare/manual_compare_runs/20260418_budget76_seed42_fair_matrix_rerun/runs/prism/working_33_plus_5_lm_compare_eval76_seed42/manifest.json,prism,0.1.0,EvoNN-Compare/manual_compare_runs/20260418_budget76_seed42_fair_matrix_rerun
38,1,76,1,prototype_equal_budget,2,923.87,2026-04-18T12:01:29.632077Z,working_33_plus_5_lm_compare_eval76,prototype_equal_budget,355f598b7304e9653013d2d5e2adde4996061fa3,956b83c8b6f6bc57,76,42,working_33_plus_5_lm_compare_eval76,working_33_plus_5_lm_compare_eval76_seed42,working_33_plus_5_lm_compare_eval76_seed42,42,EvoNN-Compare/manual_compare_runs/20260418_budget76_seed42_fair_matrix_rerun/runs/topograph/working_33_plus_5_lm_compare_eval76_seed42/manifest.json,EvoNN-Compare/manual_compare_runs/20260418_budget76_seed42_fair_matrix_rerun/runs/topograph/working_33_plus_5_lm_compare_eval76_seed42/results.json,topograph|working_33_plus_5_lm_compare_eval76_seed42|2026-04-18T12:01:29.632077Z|EvoNN-Compare/manual_compare_runs/20260418_budget76_seed42_fair_matrix_rerun/runs/topograph/working_33_plus_5_lm_compare_eval76_seed42/manifest.json,topograph,0.1.0,EvoNN-Compare/manual_compare_runs/20260418_budget76_seed42_fair_matrix_rerun
38,1,76,1,prototype_equal_budget,2,,2026-04-18T12:01:31.279694Z,working_33_plus_5_lm_compare_eval76,prototype_equal_budget,355f598b7304e9653013d2d5e2adde4996061fa3,956b83c8b6f6bc57,76,42,working_33_plus_5_lm_compare_eval76,working_33_plus_5_lm_compare_eval76_seed42,working_33_plus_5_lm_compare_eval76_seed42,42,EvoNN-Compare/manual_compare_runs/20260418_budget76_seed42_fair_matrix_rerun/runs/stratograph/working_33_plus_5_lm_compare_eval76_seed42/manifest.json,EvoNN-Compare/manual_compare_runs/20260418_budget76_seed42_fair_matrix_rerun/runs/stratograph/working_33_plus_5_lm_compare_eval76_seed42/results.json,stratograph|working_33_plus_5_lm_compare_eval76_seed42|2026-04-18T12:01:31.279694Z|EvoNN-Compare/manual_compare_runs/20260418_budget76_seed42_fair_matrix_rerun/runs/stratograph/working_33_plus_5_lm_compare_eval76_seed42/manifest.json,stratograph,,EvoNN-Compare/manual_compare_runs/20260418_budget76_seed42_fair_matrix_rerun
38,1,76,1,prototype_equal_budget,76,,2026-04-18T12:01:31.423397Z,working_33_plus_5_lm_compare_eval76,prototype_equal_budget,355f598b7304e9653013d2d5e2adde4996061fa3,956b83c8b6f6bc57,76,42,working_33_plus_5_lm_compare_eval76,working_33_plus_5_lm_compare_eval76_seed42,working_33_plus_5_lm_compare_eval76_seed42,42,EvoNN-Compare/manual_compare_runs/20260418_budget76_seed42_fair_matrix_rerun/runs/contenders/working_33_plus_5_lm_compare_eval76_seed42/manifest.json,EvoNN-Compare/manual_compare_runs/20260418_budget76_seed42_fair_matrix_rerun/runs/contenders/working_33_plus_5_lm_compare_eval76_seed42/results.json,contenders|working_33_plus_5_lm_compare_eval76_seed42|2026-04-18T12:01:31.423397Z|EvoNN-Compare/manual_compare_runs/20260418_budget76_seed42_fair_matrix_rerun/runs/contenders/working_33_plus_5_lm_compare_eval76_seed42/manifest.json,contenders,0.1.0,EvoNN-Compare/manual_compare_runs/20260418_budget76_seed42_fair_matrix_rerun
38,1,304,1,prototype_equal_budget,8,,2026-04-18T12:34:45.367251Z,working_33_plus_5_lm_compare_eval304,prototype_equal_budget,355f598b7304e9653013d2d5e2adde4996061fa3,f89eede933eccf50,304,42,working_33_plus_5_lm_compare_eval304,working_33_plus_5_lm_compare_eval304_seed42,working_33_plus_5_lm_compare_eval304_seed42,42,EvoNN-Compare/manual_compare_runs/20260418_budget369_seed4234_fair_matrix_rerun/runs/prism/working_33_plus_5_lm_compare_eval304_seed42/manifest.json,EvoNN-Compare/manual_compare_runs/20260418_budget369_seed4234_fair_matrix_rerun/runs/prism/working_33_plus_5_lm_compare_eval304_seed42/results.json,prism|working_33_plus_5_lm_compare_eval304_seed42|2026-04-18T12:34:45.367251Z|EvoNN-Compare/manual_compare_runs/20260418_budget369_seed4234_fair_matrix_rerun/runs/prism/working_33_plus_5_lm_compare_eval304_seed42/manifest.json,prism,0.1.0,EvoNN-Compare/manual_compare_runs/20260418_budget369_seed4234_fair_matrix_rerun
38,1,304,2,prototype_equal_budget,4,1361.76,2026-04-18T12:34:46.493808Z,working_33_plus_5_lm_compare_eval304,prototype_equal_budget,355f598b7304e9653013d2d5e2adde4996061fa3,f89eede933eccf50,304,42,working_33_plus_5_lm_compare_eval304,working_33_plus_5_lm_compare_eval304_seed42,working_33_plus_5_lm_compare_eval304_seed42,42,EvoNN-Compare/manual_compare_runs/20260418_budget369_seed4234_fair_matrix_rerun/runs/topograph/working_33_plus_5_lm_compare_eval304_seed42/manifest.json,EvoNN-Compare/manual_compare_runs/20260418_budget369_seed4234_fair_matrix_rerun/runs/topograph/working_33_plus_5_lm_compare_eval304_seed42/results.json,topograph|working_33_plus_5_lm_compare_eval304_seed42|2026-04-18T12:34:46.493808Z|EvoNN-Compare/manual_compare_runs/20260418_budget369_seed4234_fair_matrix_rerun/runs/topograph/working_33_plus_5_lm_compare_eval304_seed42/manifest.json,topograph,0.1.0,EvoNN-Compare/manual_compare_runs/20260418_budget369_seed4234_fair_matrix_rerun
38,1,304,1,prototype_equal_budget,8,,2026-04-18T12:34:49.072296Z,working_33_plus_5_lm_compare_eval304,prototype_equal_budget,355f598b7304e9653013d2d5e2adde4996061fa3,f89eede933eccf50,304,42,working_33_plus_5_lm_compare_eval304,working_33_plus_5_lm_compare_eval304_seed42,working_33_plus_5_lm_compare_eval304_seed42,42,EvoNN-Compare/manual_compare_runs/20260418_budget369_seed4234_fair_matrix_rerun/runs/stratograph/working_33_plus_5_lm_compare_eval304_seed42/manifest.json,EvoNN-Compare/manual_compare_runs/20260418_budget369_seed4234_fair_matrix_rerun/runs/stratograph/working_33_plus_5_lm_compare_eval304_seed42/results.json,stratograph|working_33_plus_5_lm_compare_eval304_seed42|2026-04-18T12:34:49.072296Z|EvoNN-Compare/manual_compare_runs/20260418_budget369_seed4234_fair_matrix_rerun/runs/stratograph/working_33_plus_5_lm_compare_eval304_seed42/manifest.json,stratograph,,EvoNN-Compare/manual_compare_runs/20260418_budget369_seed4234_fair_matrix_rerun
38,1,304,1,prototype_equal_budget,304,,2026-04-18T12:39:27.240078Z,working_33_plus_5_lm_compare_eval304,prototype_equal_budget,355f598b7304e9653013d2d5e2adde4996061fa3,f89eede933eccf50,304,42,working_33_plus_5_lm_compare_eval304,working_33_plus_5_lm_compare_eval304_seed42,working_33_plus_5_lm_compare_eval304_seed42,42,EvoNN-Compare/manual_compare_runs/20260418_budget369_seed4234_fair_matrix_rerun/runs/contenders/working_33_plus_5_lm_compare_eval304_seed42/manifest.json,EvoNN-Compare/manual_compare_runs/20260418_budget369_seed4234_fair_matrix_rerun/runs/contenders/working_33_plus_5_lm_compare_eval304_seed42/results.json,contenders|working_33_plus_5_lm_compare_eval304_seed42|2026-04-18T12:39:27.240078Z|EvoNN-Compare/manual_compare_runs/20260418_budget369_seed4234_fair_matrix_rerun/runs/contenders/working_33_plus_5_lm_compare_eval304_seed42/manifest.json,contenders,0.1.0,EvoNN-Compare/manual_compare_runs/20260418_budget369_seed4234_fair_matrix_rerun
38,1,304,1,prototype_equal_budget,8,,2026-04-18T12:53:42.550557Z,working_33_plus_5_lm_compare_eval304,prototype_equal_budget,355f598b7304e9653013d2d5e2adde4996061fa3,f89eede933eccf50,304,43,working_33_plus_5_lm_compare_eval304,working_33_plus_5_lm_compare_eval304_seed43,working_33_plus_5_lm_compare_eval304_seed43,43,EvoNN-Compare/manual_compare_runs/20260418_budget369_seed4234_fair_matrix_rerun/runs/prism/working_33_plus_5_lm_compare_eval304_seed43/manifest.json,EvoNN-Compare/manual_compare_runs/20260418_budget369_seed4234_fair_matrix_rerun/runs/prism/working_33_plus_5_lm_compare_eval304_seed43/results.json,prism|working_33_plus_5_lm_compare_eval304_seed43|2026-04-18T12:53:42.550557Z|EvoNN-Compare/manual_compare_runs/20260418_budget369_seed4234_fair_matrix_rerun/runs/prism/working_33_plus_5_lm_compare_eval304_seed43/manifest.json,prism,0.1.0,EvoNN-Compare/manual_compare_runs/20260418_budget369_seed4234_fair_matrix_rerun
38,1,304,2,prototype_equal_budget,4,641.58,2026-04-18T12:53:43.673901Z,working_33_plus_5_lm_compare_eval304,prototype_equal_budget,355f598b7304e9653013d2d5e2adde4996061fa3,f89eede933eccf50,304,43,working_33_plus_5_lm_compare_eval304,working_33_plus_5_lm_compare_eval304_seed43,working_33_plus_5_lm_compare_eval304_seed43,43,EvoNN-Compare/manual_compare_runs/20260418_budget369_seed4234_fair_matrix_rerun/runs/topograph/working_33_plus_5_lm_compare_eval304_seed43/manifest.json,EvoNN-Compare/manual_compare_runs/20260418_budget369_seed4234_fair_matrix_rerun/runs/topograph/working_33_plus_5_lm_compare_eval304_seed43/results.json,topograph|working_33_plus_5_lm_compare_eval304_seed43|2026-04-18T12:53:43.673901Z|EvoNN-Compare/manual_compare_runs/20260418_budget369_seed4234_fair_matrix_rerun/runs/topograph/working_33_plus_5_lm_compare_eval304_seed43/manifest.json,topograph,0.1.0,EvoNN-Compare/manual_compare_runs/20260418_budget369_seed4234_fair_matrix_rerun
38,1,304,1,prototype_equal_budget,8,,2026-04-18T12:53:46.295133Z,working_33_plus_5_lm_compare_eval304,prototype_equal_budget,355f598b7304e9653013d2d5e2adde4996061fa3,f89eede933eccf50,304,43,working_33_plus_5_lm_compare_eval304,working_33_plus_5_lm_compare_eval304_seed43,working_33_plus_5_lm_compare_eval304_seed43,43,EvoNN-Compare/manual_compare_runs/20260418_budget369_seed4234_fair_matrix_rerun/runs/stratograph/working_33_plus_5_lm_compare_eval304_seed43/manifest.json,EvoNN-Compare/manual_compare_runs/20260418_budget369_seed4234_fair_matrix_rerun/runs/stratograph/working_33_plus_5_lm_compare_eval304_seed43/results.json,stratograph|working_33_plus_5_lm_compare_eval304_seed43|2026-04-18T12:53:46.295133Z|EvoNN-Compare/manual_compare_runs/20260418_budget369_seed4234_fair_matrix_rerun/runs/stratograph/working_33_plus_5_lm_compare_eval304_seed43/manifest.json,stratograph,,EvoNN-Compare/manual_compare_runs/20260418_budget369_seed4234_fair_matrix_rerun
38,1,304,1,prototype_equal_budget,304,,2026-04-18T12:58:15.078478Z,working_33_plus_5_lm_compare_eval304,prototype_equal_budget,355f598b7304e9653013d2d5e2adde4996061fa3,f89eede933eccf50,304,43,working_33_plus_5_lm_compare_eval304,working_33_plus_5_lm_compare_eval304_seed43,working_33_plus_5_lm_compare_eval304_seed43,43,EvoNN-Compare/manual_compare_runs/20260418_budget369_seed4234_fair_matrix_rerun/runs/contenders/working_33_plus_5_lm_compare_eval304_seed43/manifest.json,EvoNN-Compare/manual_compare_runs/20260418_budget369_seed4234_fair_matrix_rerun/runs/contenders/working_33_plus_5_lm_compare_eval304_seed43/results.json,contenders|working_33_plus_5_lm_compare_eval304_seed43|2026-04-18T12:58:15.078478Z|EvoNN-Compare/manual_compare_runs/20260418_budget369_seed4234_fair_matrix_rerun/runs/contenders/working_33_plus_5_lm_compare_eval304_seed43/manifest.json,contenders,0.1.0,EvoNN-Compare/manual_compare_runs/20260418_budget369_seed4234_fair_matrix_rerun
38,1,304,1,prototype_equal_budget,8,,2026-04-18T13:10:06.873739Z,working_33_plus_5_lm_compare_eval304,prototype_equal_budget,355f598b7304e9653013d2d5e2adde4996061fa3,f89eede933eccf50,304,44,working_33_plus_5_lm_compare_eval304,working_33_plus_5_lm_compare_eval304_seed44,working_33_plus_5_lm_compare_eval304_seed44,44,EvoNN-Compare/manual_compare_runs/20260418_budget369_seed4234_fair_matrix_rerun/runs/prism/working_33_plus_5_lm_compare_eval304_seed44/manifest.json,EvoNN-Compare/manual_compare_runs/20260418_budget369_seed4234_fair_matrix_rerun/runs/prism/working_33_plus_5_lm_compare_eval304_seed44/results.json,prism|working_33_plus_5_lm_compare_eval304_seed44|2026-04-18T13:10:06.873739Z|EvoNN-Compare/manual_compare_runs/20260418_budget369_seed4234_fair_matrix_rerun/runs/prism/working_33_plus_5_lm_compare_eval304_seed44/manifest.json,prism,0.1.0,EvoNN-Compare/manual_compare_runs/20260418_budget369_seed4234_fair_matrix_rerun
38,1,304,2,prototype_equal_budget,4,399.0,2026-04-18T13:10:08.106142Z,working_33_plus_5_lm_compare_eval304,prototype_equal_budget,355f598b7304e9653013d2d5e2adde4996061fa3,f89eede933eccf50,304,44,working_33_plus_5_lm_compare_eval304,working_33_plus_5_lm_compare_eval304_seed44,working_33_plus_5_lm_compare_eval304_seed44,44,EvoNN-Compare/manual_compare_runs/20260418_budget369_seed4234_fair_matrix_rerun/runs/topograph/working_33_plus_5_lm_compare_eval304_seed44/manifest.json,EvoNN-Compare/manual_compare_runs/20260418_budget369_seed4234_fair_matrix_rerun/runs/topograph/working_33_plus_5_lm_compare_eval304_seed44/results.json,topograph|working_33_plus_5_lm_compare_eval304_seed44|2026-04-18T13:10:08.106142Z|EvoNN-Compare/manual_compare_runs/20260418_budget369_seed4234_fair_matrix_rerun/runs/topograph/working_33_plus_5_lm_compare_eval304_seed44/manifest.json,topograph,0.1.0,EvoNN-Compare/manual_compare_runs/20260418_budget369_seed4234_fair_matrix_rerun
38,1,304,1,prototype_equal_budget,8,,2026-04-18T13:10:10.901188Z,working_33_plus_5_lm_compare_eval304,prototype_equal_budget,355f598b7304e9653013d2d5e2adde4996061fa3,f89eede933eccf50,304,44,working_33_plus_5_lm_compare_eval304,working_33_plus_5_lm_compare_eval304_seed44,working_33_plus_5_lm_compare_eval304_seed44,44,EvoNN-Compare/manual_compare_runs/20260418_budget369_seed4234_fair_matrix_rerun/runs/stratograph/working_33_plus_5_lm_compare_eval304_seed44/manifest.json,EvoNN-Compare/manual_compare_runs/20260418_budget369_seed4234_fair_matrix_rerun/runs/stratograph/working_33_plus_5_lm_compare_eval304_seed44/results.json,stratograph|working_33_plus_5_lm_compare_eval304_seed44|2026-04-18T13:10:10.901188Z|EvoNN-Compare/manual_compare_runs/20260418_budget369_seed4234_fair_matrix_rerun/runs/stratograph/working_33_plus_5_lm_compare_eval304_seed44/manifest.json,stratograph,,EvoNN-Compare/manual_compare_runs/20260418_budget369_seed4234_fair_matrix_rerun
38,1,304,1,prototype_equal_budget,304,,2026-04-18T13:15:15.061412Z,working_33_plus_5_lm_compare_eval304,prototype_equal_budget,355f598b7304e9653013d2d5e2adde4996061fa3,f89eede933eccf50,304,44,working_33_plus_5_lm_compare_eval304,working_33_plus_5_lm_compare_eval304_seed44,working_33_plus_5_lm_compare_eval304_seed44,44,EvoNN-Compare/manual_compare_runs/20260418_budget369_seed4234_fair_matrix_rerun/runs/contenders/working_33_plus_5_lm_compare_eval304_seed44/manifest.json,EvoNN-Compare/manual_compare_runs/20260418_budget369_seed4234_fair_matrix_rerun/runs/contenders/working_33_plus_5_lm_compare_eval304_seed44/results.json,contenders|working_33_plus_5_lm_compare_eval304_seed44|2026-04-18T13:15:15.061412Z|EvoNN-Compare/manual_compare_runs/20260418_budget369_seed4234_fair_matrix_rerun/runs/contenders/working_33_plus_5_lm_compare_eval304_seed44/manifest.json,contenders,0.1.0,EvoNN-Compare/manual_compare_runs/20260418_budget369_seed4234_fair_matrix_rerun
38,1,608,2,prototype_equal_budget,8,,2026-04-18T13:42:11.311817Z,working_33_plus_5_lm_compare_eval608,prototype_equal_budget,355f598b7304e9653013d2d5e2adde4996061fa3,5fdff06e0600c29e,608,42,working_33_plus_5_lm_compare_eval608,working_33_plus_5_lm_compare_eval608_seed42,working_33_plus_5_lm_compare_eval608_seed42,42,EvoNN-Compare/manual_compare_runs/20260418_budget369_seed4234_fair_matrix_rerun/runs/prism/working_33_plus_5_lm_compare_eval608_seed42/manifest.json,EvoNN-Compare/manual_compare_runs/20260418_budget369_seed4234_fair_matrix_rerun/runs/prism/working_33_plus_5_lm_compare_eval608_seed42/results.json,prism|working_33_plus_5_lm_compare_eval608_seed42|2026-04-18T13:42:11.311817Z|EvoNN-Compare/manual_compare_runs/20260418_budget369_seed4234_fair_matrix_rerun/runs/prism/working_33_plus_5_lm_compare_eval608_seed42/manifest.json,prism,0.1.0,EvoNN-Compare/manual_compare_runs/20260418_budget369_seed4234_fair_matrix_rerun
38,1,608,4,prototype_equal_budget,4,955.02,2026-04-18T13:42:12.444606Z,working_33_plus_5_lm_compare_eval608,prototype_equal_budget,355f598b7304e9653013d2d5e2adde4996061fa3,5fdff06e0600c29e,608,42,working_33_plus_5_lm_compare_eval608,working_33_plus_5_lm_compare_eval608_seed42,working_33_plus_5_lm_compare_eval608_seed42,42,EvoNN-Compare/manual_compare_runs/20260418_budget369_seed4234_fair_matrix_rerun/runs/topograph/working_33_plus_5_lm_compare_eval608_seed42/manifest.json,EvoNN-Compare/manual_compare_runs/20260418_budget369_seed4234_fair_matrix_rerun/runs/topograph/working_33_plus_5_lm_compare_eval608_seed42/results.json,topograph|working_33_plus_5_lm_compare_eval608_seed42|2026-04-18T13:42:12.444606Z|EvoNN-Compare/manual_compare_runs/20260418_budget369_seed4234_fair_matrix_rerun/runs/topograph/working_33_plus_5_lm_compare_eval608_seed42/manifest.json,topograph,0.1.0,EvoNN-Compare/manual_compare_runs/20260418_budget369_seed4234_fair_matrix_rerun
38,1,608,2,prototype_equal_budget,8,,2026-04-18T13:42:15.068502Z,working_33_plus_5_lm_compare_eval608,prototype_equal_budget,355f598b7304e9653013d2d5e2adde4996061fa3,5fdff06e0600c29e,608,42,working_33_plus_5_lm_compare_eval608,working_33_plus_5_lm_compare_eval608_seed42,working_33_plus_5_lm_compare_eval608_seed42,42,EvoNN-Compare/manual_compare_runs/20260418_budget369_seed4234_fair_matrix_rerun/runs/stratograph/working_33_plus_5_lm_compare_eval608_seed42/manifest.json,EvoNN-Compare/manual_compare_runs/20260418_budget369_seed4234_fair_matrix_rerun/runs/stratograph/working_33_plus_5_lm_compare_eval608_seed42/results.json,stratograph|working_33_plus_5_lm_compare_eval608_seed42|2026-04-18T13:42:15.068502Z|EvoNN-Compare/manual_compare_runs/20260418_budget369_seed4234_fair_matrix_rerun/runs/stratograph/working_33_plus_5_lm_compare_eval608_seed42/manifest.json,stratograph,,EvoNN-Compare/manual_compare_runs/20260418_budget369_seed4234_fair_matrix_rerun
38,1,608,1,prototype_equal_budget,608,,2026-04-18T13:51:23.082994Z,working_33_plus_5_lm_compare_eval608,prototype_equal_budget,355f598b7304e9653013d2d5e2adde4996061fa3,5fdff06e0600c29e,608,42,working_33_plus_5_lm_compare_eval608,working_33_plus_5_lm_compare_eval608_seed42,working_33_plus_5_lm_compare_eval608_seed42,42,EvoNN-Compare/manual_compare_runs/20260418_budget369_seed4234_fair_matrix_rerun/runs/contenders/working_33_plus_5_lm_compare_eval608_seed42/manifest.json,EvoNN-Compare/manual_compare_runs/20260418_budget369_seed4234_fair_matrix_rerun/runs/contenders/working_33_plus_5_lm_compare_eval608_seed42/results.json,contenders|working_33_plus_5_lm_compare_eval608_seed42|2026-04-18T13:51:23.082994Z|EvoNN-Compare/manual_compare_runs/20260418_budget369_seed4234_fair_matrix_rerun/runs/contenders/working_33_plus_5_lm_compare_eval608_seed42/manifest.json,contenders,0.1.0,EvoNN-Compare/manual_compare_runs/20260418_budget369_seed4234_fair_matrix_rerun
38,1,608,2,prototype_equal_budget,8,,2026-04-18T14:15:32.387357Z,working_33_plus_5_lm_compare_eval608,prototype_equal_budget,355f598b7304e9653013d2d5e2adde4996061fa3,5fdff06e0600c29e,608,43,working_33_plus_5_lm_compare_eval608,working_33_plus_5_lm_compare_eval608_seed43,working_33_plus_5_lm_compare_eval608_seed43,43,EvoNN-Compare/manual_compare_runs/20260418_budget369_seed4234_fair_matrix_rerun/runs/prism/working_33_plus_5_lm_compare_eval608_seed43/manifest.json,EvoNN-Compare/manual_compare_runs/20260418_budget369_seed4234_fair_matrix_rerun/runs/prism/working_33_plus_5_lm_compare_eval608_seed43/results.json,prism|working_33_plus_5_lm_compare_eval608_seed43|2026-04-18T14:15:32.387357Z|EvoNN-Compare/manual_compare_runs/20260418_budget369_seed4234_fair_matrix_rerun/runs/prism/working_33_plus_5_lm_compare_eval608_seed43/manifest.json,prism,0.1.0,EvoNN-Compare/manual_compare_runs/20260418_budget369_seed4234_fair_matrix_rerun
38,1,608,4,prototype_equal_budget,4,893.39,2026-04-18T14:15:33.505815Z,working_33_plus_5_lm_compare_eval608,prototype_equal_budget,355f598b7304e9653013d2d5e2adde4996061fa3,5fdff06e0600c29e,608,43,working_33_plus_5_lm_compare_eval608,working_33_plus_5_lm_compare_eval608_seed43,working_33_plus_5_lm_compare_eval608_seed43,43,EvoNN-Compare/manual_compare_runs/20260418_budget369_seed4234_fair_matrix_rerun/runs/topograph/working_33_plus_5_lm_compare_eval608_seed43/manifest.json,EvoNN-Compare/manual_compare_runs/20260418_budget369_seed4234_fair_matrix_rerun/runs/topograph/working_33_plus_5_lm_compare_eval608_seed43/results.json,topograph|working_33_plus_5_lm_compare_eval608_seed43|2026-04-18T14:15:33.505815Z|EvoNN-Compare/manual_compare_runs/20260418_budget369_seed4234_fair_matrix_rerun/runs/topograph/working_33_plus_5_lm_compare_eval608_seed43/manifest.json,topograph,0.1.0,EvoNN-Compare/manual_compare_runs/20260418_budget369_seed4234_fair_matrix_rerun
38,1,608,2,prototype_equal_budget,8,,2026-04-18T14:15:36.119196Z,working_33_plus_5_lm_compare_eval608,prototype_equal_budget,355f598b7304e9653013d2d5e2adde4996061fa3,5fdff06e0600c29e,608,43,working_33_plus_5_lm_compare_eval608,working_33_plus_5_lm_compare_eval608_seed43,working_33_plus_5_lm_compare_eval608_seed43,43,EvoNN-Compare/manual_compare_runs/20260418_budget369_seed4234_fair_matrix_rerun/runs/stratograph/working_33_plus_5_lm_compare_eval608_seed43/manifest.json,EvoNN-Compare/manual_compare_runs/20260418_budget369_seed4234_fair_matrix_rerun/runs/stratograph/working_33_plus_5_lm_compare_eval608_seed43/results.json,stratograph|working_33_plus_5_lm_compare_eval608_seed43|2026-04-18T14:15:36.119196Z|EvoNN-Compare/manual_compare_runs/20260418_budget369_seed4234_fair_matrix_rerun/runs/stratograph/working_33_plus_5_lm_compare_eval608_seed43/manifest.json,stratograph,,EvoNN-Compare/manual_compare_runs/20260418_budget369_seed4234_fair_matrix_rerun
38,1,608,1,prototype_equal_budget,608,,2026-04-18T14:24:28.590009Z,working_33_plus_5_lm_compare_eval608,prototype_equal_budget,355f598b7304e9653013d2d5e2adde4996061fa3,5fdff06e0600c29e,608,43,working_33_plus_5_lm_compare_eval608,working_33_plus_5_lm_compare_eval608_seed43,working_33_plus_5_lm_compare_eval608_seed43,43,EvoNN-Compare/manual_compare_runs/20260418_budget369_seed4234_fair_matrix_rerun/runs/contenders/working_33_plus_5_lm_compare_eval608_seed43/manifest.json,EvoNN-Compare/manual_compare_runs/20260418_budget369_seed4234_fair_matrix_rerun/runs/contenders/working_33_plus_5_lm_compare_eval608_seed43/results.json,contenders|working_33_plus_5_lm_compare_eval608_seed43|2026-04-18T14:24:28.590009Z|EvoNN-Compare/manual_compare_runs/20260418_budget369_seed4234_fair_matrix_rerun/runs/contenders/working_33_plus_5_lm_compare_eval608_seed43/manifest.json,contenders,0.1.0,EvoNN-Compare/manual_compare_runs/20260418_budget369_seed4234_fair_matrix_rerun
38,1,608,2,prototype_equal_budget,8,,2026-04-18T14:43:25.450539Z,working_33_plus_5_lm_compare_eval608,prototype_equal_budget,355f598b7304e9653013d2d5e2adde4996061fa3,5fdff06e0600c29e,608,44,working_33_plus_5_lm_compare_eval608,working_33_plus_5_lm_compare_eval608_seed44,working_33_plus_5_lm_compare_eval608_seed44,44,EvoNN-Compare/manual_compare_runs/20260418_budget369_seed4234_fair_matrix_rerun/runs/prism/working_33_plus_5_lm_compare_eval608_seed44/manifest.json,EvoNN-Compare/manual_compare_runs/20260418_budget369_seed4234_fair_matrix_rerun/runs/prism/working_33_plus_5_lm_compare_eval608_seed44/results.json,prism|working_33_plus_5_lm_compare_eval608_seed44|2026-04-18T14:43:25.450539Z|EvoNN-Compare/manual_compare_runs/20260418_budget369_seed4234_fair_matrix_rerun/runs/prism/working_33_plus_5_lm_compare_eval608_seed44/manifest.json,prism,0.1.0,EvoNN-Compare/manual_compare_runs/20260418_budget369_seed4234_fair_matrix_rerun
38,1,608,4,prototype_equal_budget,4,497.99,2026-04-18T14:43:26.580918Z,working_33_plus_5_lm_compare_eval608,prototype_equal_budget,355f598b7304e9653013d2d5e2adde4996061fa3,5fdff06e0600c29e,608,44,working_33_plus_5_lm_compare_eval608,working_33_plus_5_lm_compare_eval608_seed44,working_33_plus_5_lm_compare_eval608_seed44,44,EvoNN-Compare/manual_compare_runs/20260418_budget369_seed4234_fair_matrix_rerun/runs/topograph/working_33_plus_5_lm_compare_eval608_seed44/manifest.json,EvoNN-Compare/manual_compare_runs/20260418_budget369_seed4234_fair_matrix_rerun/runs/topograph/working_33_plus_5_lm_compare_eval608_seed44/results.json,topograph|working_33_plus_5_lm_compare_eval608_seed44|2026-04-18T14:43:26.580918Z|EvoNN-Compare/manual_compare_runs/20260418_budget369_seed4234_fair_matrix_rerun/runs/topograph/working_33_plus_5_lm_compare_eval608_seed44/manifest.json,topograph,0.1.0,EvoNN-Compare/manual_compare_runs/20260418_budget369_seed4234_fair_matrix_rerun
38,1,608,2,prototype_equal_budget,8,,2026-04-18T14:43:29.207298Z,working_33_plus_5_lm_compare_eval608,prototype_equal_budget,355f598b7304e9653013d2d5e2adde4996061fa3,5fdff06e0600c29e,608,44,working_33_plus_5_lm_compare_eval608,working_33_plus_5_lm_compare_eval608_seed44,working_33_plus_5_lm_compare_eval608_seed44,44,EvoNN-Compare/manual_compare_runs/20260418_budget369_seed4234_fair_matrix_rerun/runs/stratograph/working_33_plus_5_lm_compare_eval608_seed44/manifest.json,EvoNN-Compare/manual_compare_runs/20260418_budget369_seed4234_fair_matrix_rerun/runs/stratograph/working_33_plus_5_lm_compare_eval608_seed44/results.json,stratograph|working_33_plus_5_lm_compare_eval608_seed44|2026-04-18T14:43:29.207298Z|EvoNN-Compare/manual_compare_runs/20260418_budget369_seed4234_fair_matrix_rerun/runs/stratograph/working_33_plus_5_lm_compare_eval608_seed44/manifest.json,stratograph,,EvoNN-Compare/manual_compare_runs/20260418_budget369_seed4234_fair_matrix_rerun
38,1,608,1,prototype_equal_budget,608,,2026-04-18T14:52:31.301504Z,working_33_plus_5_lm_compare_eval608,prototype_equal_budget,355f598b7304e9653013d2d5e2adde4996061fa3,5fdff06e0600c29e,608,44,working_33_plus_5_lm_compare_eval608,working_33_plus_5_lm_compare_eval608_seed44,working_33_plus_5_lm_compare_eval608_seed44,44,EvoNN-Compare/manual_compare_runs/20260418_budget369_seed4234_fair_matrix_rerun/runs/contenders/working_33_plus_5_lm_compare_eval608_seed44/manifest.json,EvoNN-Compare/manual_compare_runs/20260418_budget369_seed4234_fair_matrix_rerun/runs/contenders/working_33_plus_5_lm_compare_eval608_seed44/results.json,contenders|working_33_plus_5_lm_compare_eval608_seed44|2026-04-18T14:52:31.301504Z|EvoNN-Compare/manual_compare_runs/20260418_budget369_seed4234_fair_matrix_rerun/runs/contenders/working_33_plus_5_lm_compare_eval608_seed44/manifest.json,contenders,0.1.0,EvoNN-Compare/manual_compare_runs/20260418_budget369_seed4234_fair_matrix_rerun
38,1,912,3,prototype_equal_budget,8,,2026-04-18T15:30:47.683920Z,working_33_plus_5_lm_compare_eval912,prototype_equal_budget,355f598b7304e9653013d2d5e2adde4996061fa3,e4e31ccfa3c5cabc,912,42,working_33_plus_5_lm_compare_eval912,working_33_plus_5_lm_compare_eval912_seed42,working_33_plus_5_lm_compare_eval912_seed42,42,EvoNN-Compare/manual_compare_runs/20260418_budget369_seed4234_fair_matrix_rerun/runs/prism/working_33_plus_5_lm_compare_eval912_seed42/manifest.json,EvoNN-Compare/manual_compare_runs/20260418_budget369_seed4234_fair_matrix_rerun/runs/prism/working_33_plus_5_lm_compare_eval912_seed42/results.json,prism|working_33_plus_5_lm_compare_eval912_seed42|2026-04-18T15:30:47.683920Z|EvoNN-Compare/manual_compare_runs/20260418_budget369_seed4234_fair_matrix_rerun/runs/prism/working_33_plus_5_lm_compare_eval912_seed42/manifest.json,prism,0.1.0,EvoNN-Compare/manual_compare_runs/20260418_budget369_seed4234_fair_matrix_rerun
38,1,912,3,prototype_equal_budget,8,1296.3,2026-04-18T15:30:48.814115Z,working_33_plus_5_lm_compare_eval912,prototype_equal_budget,355f598b7304e9653013d2d5e2adde4996061fa3,e4e31ccfa3c5cabc,912,42,working_33_plus_5_lm_compare_eval912,working_33_plus_5_lm_compare_eval912_seed42,working_33_plus_5_lm_compare_eval912_seed42,42,EvoNN-Compare/manual_compare_runs/20260418_budget369_seed4234_fair_matrix_rerun/runs/topograph/working_33_plus_5_lm_compare_eval912_seed42/manifest.json,EvoNN-Compare/manual_compare_runs/20260418_budget369_seed4234_fair_matrix_rerun/runs/topograph/working_33_plus_5_lm_compare_eval912_seed42/results.json,topograph|working_33_plus_5_lm_compare_eval912_seed42|2026-04-18T15:30:48.814115Z|EvoNN-Compare/manual_compare_runs/20260418_budget369_seed4234_fair_matrix_rerun/runs/topograph/working_33_plus_5_lm_compare_eval912_seed42/manifest.json,topograph,0.1.0,EvoNN-Compare/manual_compare_runs/20260418_budget369_seed4234_fair_matrix_rerun
38,1,912,3,prototype_equal_budget,8,,2026-04-18T15:30:51.422686Z,working_33_plus_5_lm_compare_eval912,prototype_equal_budget,355f598b7304e9653013d2d5e2adde4996061fa3,e4e31ccfa3c5cabc,912,42,working_33_plus_5_lm_compare_eval912,working_33_plus_5_lm_compare_eval912_seed42,working_33_plus_5_lm_compare_eval912_seed42,42,EvoNN-Compare/manual_compare_runs/20260418_budget369_seed4234_fair_matrix_rerun/runs/stratograph/working_33_plus_5_lm_compare_eval912_seed42/manifest.json,EvoNN-Compare/manual_compare_runs/20260418_budget369_seed4234_fair_matrix_rerun/runs/stratograph/working_33_plus_5_lm_compare_eval912_seed42/results.json,stratograph|working_33_plus_5_lm_compare_eval912_seed42|2026-04-18T15:30:51.422686Z|EvoNN-Compare/manual_compare_runs/20260418_budget369_seed4234_fair_matrix_rerun/runs/stratograph/working_33_plus_5_lm_compare_eval912_seed42/manifest.json,stratograph,,EvoNN-Compare/manual_compare_runs/20260418_budget369_seed4234_fair_matrix_rerun
38,1,912,1,prototype_equal_budget,912,,2026-04-18T15:44:50.199888Z,working_33_plus_5_lm_compare_eval912,prototype_equal_budget,355f598b7304e9653013d2d5e2adde4996061fa3,e4e31ccfa3c5cabc,912,42,working_33_plus_5_lm_compare_eval912,working_33_plus_5_lm_compare_eval912_seed42,working_33_plus_5_lm_compare_eval912_seed42,42,EvoNN-Compare/manual_compare_runs/20260418_budget369_seed4234_fair_matrix_rerun/runs/contenders/working_33_plus_5_lm_compare_eval912_seed42/manifest.json,EvoNN-Compare/manual_compare_runs/20260418_budget369_seed4234_fair_matrix_rerun/runs/contenders/working_33_plus_5_lm_compare_eval912_seed42/results.json,contenders|working_33_plus_5_lm_compare_eval912_seed42|2026-04-18T15:44:50.199888Z|EvoNN-Compare/manual_compare_runs/20260418_budget369_seed4234_fair_matrix_rerun/runs/contenders/working_33_plus_5_lm_compare_eval912_seed42/manifest.json,contenders,0.1.0,EvoNN-Compare/manual_compare_runs/20260418_budget369_seed4234_fair_matrix_rerun
38,1,912,3,prototype_equal_budget,8,,2026-04-18T16:10:56.870381Z,working_33_plus_5_lm_compare_eval912,prototype_equal_budget,355f598b7304e9653013d2d5e2adde4996061fa3,e4e31ccfa3c5cabc,912,43,working_33_plus_5_lm_compare_eval912,working_33_plus_5_lm_compare_eval912_seed43,working_33_plus_5_lm_compare_eval912_seed43,43,EvoNN-Compare/manual_compare_runs/20260418_budget369_seed4234_fair_matrix_rerun/runs/prism/working_33_plus_5_lm_compare_eval912_seed43/manifest.json,EvoNN-Compare/manual_compare_runs/20260418_budget369_seed4234_fair_matrix_rerun/runs/prism/working_33_plus_5_lm_compare_eval912_seed43/results.json,prism|working_33_plus_5_lm_compare_eval912_seed43|2026-04-18T16:10:56.870381Z|EvoNN-Compare/manual_compare_runs/20260418_budget369_seed4234_fair_matrix_rerun/runs/prism/working_33_plus_5_lm_compare_eval912_seed43/manifest.json,prism,0.1.0,EvoNN-Compare/manual_compare_runs/20260418_budget369_seed4234_fair_matrix_rerun
38,1,912,3,prototype_equal_budget,8,650.08,2026-04-18T16:10:57.983220Z,working_33_plus_5_lm_compare_eval912,prototype_equal_budget,355f598b7304e9653013d2d5e2adde4996061fa3,e4e31ccfa3c5cabc,912,43,working_33_plus_5_lm_compare_eval912,working_33_plus_5_lm_compare_eval912_seed43,working_33_plus_5_lm_compare_eval912_seed43,43,EvoNN-Compare/manual_compare_runs/20260418_budget369_seed4234_fair_matrix_rerun/runs/topograph/working_33_plus_5_lm_compare_eval912_seed43/manifest.json,EvoNN-Compare/manual_compare_runs/20260418_budget369_seed4234_fair_matrix_rerun/runs/topograph/working_33_plus_5_lm_compare_eval912_seed43/results.json,topograph|working_33_plus_5_lm_compare_eval912_seed43|2026-04-18T16:10:57.983220Z|EvoNN-Compare/manual_compare_runs/20260418_budget369_seed4234_fair_matrix_rerun/runs/topograph/working_33_plus_5_lm_compare_eval912_seed43/manifest.json,topograph,0.1.0,EvoNN-Compare/manual_compare_runs/20260418_budget369_seed4234_fair_matrix_rerun
38,1,912,3,prototype_equal_budget,8,,2026-04-18T16:11:00.625923Z,working_33_plus_5_lm_compare_eval912,prototype_equal_budget,355f598b7304e9653013d2d5e2adde4996061fa3,e4e31ccfa3c5cabc,912,43,working_33_plus_5_lm_compare_eval912,working_33_plus_5_lm_compare_eval912_seed43,working_33_plus_5_lm_compare_eval912_seed43,43,EvoNN-Compare/manual_compare_runs/20260418_budget369_seed4234_fair_matrix_rerun/runs/stratograph/working_33_plus_5_lm_compare_eval912_seed43/manifest.json,EvoNN-Compare/manual_compare_runs/20260418_budget369_seed4234_fair_matrix_rerun/runs/stratograph/working_33_plus_5_lm_compare_eval912_seed43/results.json,stratograph|working_33_plus_5_lm_compare_eval912_seed43|2026-04-18T16:11:00.625923Z|EvoNN-Compare/manual_compare_runs/20260418_budget369_seed4234_fair_matrix_rerun/runs/stratograph/working_33_plus_5_lm_compare_eval912_seed43/manifest.json,stratograph,,EvoNN-Compare/manual_compare_runs/20260418_budget369_seed4234_fair_matrix_rerun
38,1,912,1,prototype_equal_budget,912,,2026-04-18T16:24:30.561165Z,working_33_plus_5_lm_compare_eval912,prototype_equal_budget,355f598b7304e9653013d2d5e2adde4996061fa3,e4e31ccfa3c5cabc,912,43,working_33_plus_5_lm_compare_eval912,working_33_plus_5_lm_compare_eval912_seed43,working_33_plus_5_lm_compare_eval912_seed43,43,EvoNN-Compare/manual_compare_runs/20260418_budget369_seed4234_fair_matrix_rerun/runs/contenders/working_33_plus_5_lm_compare_eval912_seed43/manifest.json,EvoNN-Compare/manual_compare_runs/20260418_budget369_seed4234_fair_matrix_rerun/runs/contenders/working_33_plus_5_lm_compare_eval912_seed43/results.json,contenders|working_33_plus_5_lm_compare_eval912_seed43|2026-04-18T16:24:30.561165Z|EvoNN-Compare/manual_compare_runs/20260418_budget369_seed4234_fair_matrix_rerun/runs/contenders/working_33_plus_5_lm_compare_eval912_seed43/manifest.json,contenders,0.1.0,EvoNN-Compare/manual_compare_runs/20260418_budget369_seed4234_fair_matrix_rerun
38,1,912,3,prototype_equal_budget,8,,2026-04-18T17:05:00.566868Z,working_33_plus_5_lm_compare_eval912,prototype_equal_budget,355f598b7304e9653013d2d5e2adde4996061fa3,e4e31ccfa3c5cabc,912,44,working_33_plus_5_lm_compare_eval912,working_33_plus_5_lm_compare_eval912_seed44,working_33_plus_5_lm_compare_eval912_seed44,44,EvoNN-Compare/manual_compare_runs/20260418_budget369_seed4234_fair_matrix_rerun/runs/prism/working_33_plus_5_lm_compare_eval912_seed44/manifest.json,EvoNN-Compare/manual_compare_runs/20260418_budget369_seed4234_fair_matrix_rerun/runs/prism/working_33_plus_5_lm_compare_eval912_seed44/results.json,prism|working_33_plus_5_lm_compare_eval912_seed44|2026-04-18T17:05:00.566868Z|EvoNN-Compare/manual_compare_runs/20260418_budget369_seed4234_fair_matrix_rerun/runs/prism/working_33_plus_5_lm_compare_eval912_seed44/manifest.json,prism,0.1.0,EvoNN-Compare/manual_compare_runs/20260418_budget369_seed4234_fair_matrix_rerun
38,1,912,3,prototype_equal_budget,8,1372.78,2026-04-18T17:05:01.682697Z,working_33_plus_5_lm_compare_eval912,prototype_equal_budget,355f598b7304e9653013d2d5e2adde4996061fa3,e4e31ccfa3c5cabc,912,44,working_33_plus_5_lm_compare_eval912,working_33_plus_5_lm_compare_eval912_seed44,working_33_plus_5_lm_compare_eval912_seed44,44,EvoNN-Compare/manual_compare_runs/20260418_budget369_seed4234_fair_matrix_rerun/runs/topograph/working_33_plus_5_lm_compare_eval912_seed44/manifest.json,EvoNN-Compare/manual_compare_runs/20260418_budget369_seed4234_fair_matrix_rerun/runs/topograph/working_33_plus_5_lm_compare_eval912_seed44/results.json,topograph|working_33_plus_5_lm_compare_eval912_seed44|2026-04-18T17:05:01.682697Z|EvoNN-Compare/manual_compare_runs/20260418_budget369_seed4234_fair_matrix_rerun/runs/topograph/working_33_plus_5_lm_compare_eval912_seed44/manifest.json,topograph,0.1.0,EvoNN-Compare/manual_compare_runs/20260418_budget369_seed4234_fair_matrix_rerun
38,1,912,3,prototype_equal_budget,8,,2026-04-18T17:05:04.302575Z,working_33_plus_5_lm_compare_eval912,prototype_equal_budget,355f598b7304e9653013d2d5e2adde4996061fa3,e4e31ccfa3c5cabc,912,44,working_33_plus_5_lm_compare_eval912,working_33_plus_5_lm_compare_eval912_seed44,working_33_plus_5_lm_compare_eval912_seed44,44,EvoNN-Compare/manual_compare_runs/20260418_budget369_seed4234_fair_matrix_rerun/runs/stratograph/working_33_plus_5_lm_compare_eval912_seed44/manifest.json,EvoNN-Compare/manual_compare_runs/20260418_budget369_seed4234_fair_matrix_rerun/runs/stratograph/working_33_plus_5_lm_compare_eval912_seed44/results.json,stratograph|working_33_plus_5_lm_compare_eval912_seed44|2026-04-18T17:05:04.302575Z|EvoNN-Compare/manual_compare_runs/20260418_budget369_seed4234_fair_matrix_rerun/runs/stratograph/working_33_plus_5_lm_compare_eval912_seed44/manifest.json,stratograph,,EvoNN-Compare/manual_compare_runs/20260418_budget369_seed4234_fair_matrix_rerun
38,1,912,1,prototype_equal_budget,912,,2026-04-18T17:18:48.814362Z,working_33_plus_5_lm_compare_eval912,prototype_equal_budget,355f598b7304e9653013d2d5e2adde4996061fa3,e4e31ccfa3c5cabc,912,44,working_33_plus_5_lm_compare_eval912,working_33_plus_5_lm_compare_eval912_seed44,working_33_plus_5_lm_compare_eval912_seed44,44,EvoNN-Compare/manual_compare_runs/20260418_budget369_seed4234_fair_matrix_rerun/runs/contenders/working_33_plus_5_lm_compare_eval912_seed44/manifest.json,EvoNN-Compare/manual_compare_runs/20260418_budget369_seed4234_fair_matrix_rerun/runs/contenders/working_33_plus_5_lm_compare_eval912_seed44/results.json,contenders|working_33_plus_5_lm_compare_eval912_seed44|2026-04-18T17:18:48.814362Z|EvoNN-Compare/manual_compare_runs/20260418_budget369_seed4234_fair_matrix_rerun/runs/contenders/working_33_plus_5_lm_compare_eval912_seed44/manifest.json,contenders,0.1.0,EvoNN-Compare/manual_compare_runs/20260418_budget369_seed4234_fair_matrix_rerun
38,1,152,1,prototype_equal_budget,4,,2026-04-18T20:31:04.208695Z,working_33_plus_5_lm_compare_eval152,prototype_equal_budget,1b2d6bb6f72496504697b7e320cdb23f3144907a,50f8bac09d0f6974,152,42,working_33_plus_5_lm_compare_eval152,working_33_plus_5_lm_compare_eval152_seed42,working_33_plus_5_lm_compare_eval152_seed42,42,EvoNN-Compare/manual_compare_runs/20260418_budget152_seed42_fair_matrix_smoke/runs/prism/working_33_plus_5_lm_compare_eval152_seed42/manifest.json,EvoNN-Compare/manual_compare_runs/20260418_budget152_seed42_fair_matrix_smoke/runs/prism/working_33_plus_5_lm_compare_eval152_seed42/results.json,prism|working_33_plus_5_lm_compare_eval152_seed42|2026-04-18T20:31:04.208695Z|EvoNN-Compare/manual_compare_runs/20260418_budget152_seed42_fair_matrix_smoke/runs/prism/working_33_plus_5_lm_compare_eval152_seed42/manifest.json,prism,0.1.0,EvoNN-Compare/manual_compare_runs/20260418_budget152_seed42_fair_matrix_smoke
38,1,152,1,prototype_equal_budget,4,956.18,2026-04-18T20:31:05.344025Z,working_33_plus_5_lm_compare_eval152,prototype_equal_budget,1b2d6bb6f72496504697b7e320cdb23f3144907a,50f8bac09d0f6974,152,42,working_33_plus_5_lm_compare_eval152,working_33_plus_5_lm_compare_eval152_seed42,working_33_plus_5_lm_compare_eval152_seed42,42,EvoNN-Compare/manual_compare_runs/20260418_budget152_seed42_fair_matrix_smoke/runs/topograph/working_33_plus_5_lm_compare_eval152_seed42/manifest.json,EvoNN-Compare/manual_compare_runs/20260418_budget152_seed42_fair_matrix_smoke/runs/topograph/working_33_plus_5_lm_compare_eval152_seed42/results.json,topograph|working_33_plus_5_lm_compare_eval152_seed42|2026-04-18T20:31:05.344025Z|EvoNN-Compare/manual_compare_runs/20260418_budget152_seed42_fair_matrix_smoke/runs/topograph/working_33_plus_5_lm_compare_eval152_seed42/manifest.json,topograph,0.1.0,EvoNN-Compare/manual_compare_runs/20260418_budget152_seed42_fair_matrix_smoke
38,1,152,1,prototype_equal_budget,4,,2026-04-18T20:31:07.939506Z,working_33_plus_5_lm_compare_eval152,prototype_equal_budget,1b2d6bb6f72496504697b7e320cdb23f3144907a,50f8bac09d0f6974,152,42,working_33_plus_5_lm_compare_eval152,working_33_plus_5_lm_compare_eval152_seed42,working_33_plus_5_lm_compare_eval152_seed42,42,EvoNN-Compare/manual_compare_runs/20260418_budget152_seed42_fair_matrix_smoke/runs/stratograph/working_33_plus_5_lm_compare_eval152_seed42/manifest.json,EvoNN-Compare/manual_compare_runs/20260418_budget152_seed42_fair_matrix_smoke/runs/stratograph/working_33_plus_5_lm_compare_eval152_seed42/results.json,stratograph|working_33_plus_5_lm_compare_eval152_seed42|2026-04-18T20:31:07.939506Z|EvoNN-Compare/manual_compare_runs/20260418_budget152_seed42_fair_matrix_smoke/runs/stratograph/working_33_plus_5_lm_compare_eval152_seed42/manifest.json,stratograph,,EvoNN-Compare/manual_compare_runs/20260418_budget152_seed42_fair_matrix_smoke
38,1,152,1,prototype_equal_budget,152,,2026-04-18T20:33:25.914005Z,working_33_plus_5_lm_compare_eval152,prototype_equal_budget,1b2d6bb6f72496504697b7e320cdb23f3144907a,50f8bac09d0f6974,152,42,working_33_plus_5_lm_compare_eval152,working_33_plus_5_lm_compare_eval152_seed42,working_33_plus_5_lm_compare_eval152_seed42,42,EvoNN-Compare/manual_compare_runs/20260418_budget152_seed42_fair_matrix_smoke/runs/contenders/working_33_plus_5_lm_compare_eval152_seed42/manifest.json,EvoNN-Compare/manual_compare_runs/20260418_budget152_seed42_fair_matrix_smoke/runs/contenders/working_33_plus_5_lm_compare_eval152_seed42/results.json,contenders|working_33_plus_5_lm_compare_eval152_seed42|2026-04-18T20:33:25.914005Z|EvoNN-Compare/manual_compare_runs/20260418_budget152_seed42_fair_matrix_smoke/runs/contenders/working_33_plus_5_lm_compare_eval152_seed42/manifest.json,contenders,0.1.0,EvoNN-Compare/manual_compare_runs/20260418_budget152_seed42_fair_matrix_smoke
38,1,304,1,prototype_equal_budget,8,,2026-04-18T20:54:43.641274Z,working_33_plus_5_lm_compare_eval304,prototype_equal_budget,1b2d6bb6f72496504697b7e320cdb23f3144907a,f89eede933eccf50,304,42,working_33_plus_5_lm_compare_eval304,working_33_plus_5_lm_compare_eval304_seed42,working_33_plus_5_lm_compare_eval304_seed42,42,EvoNN-Compare/manual_compare_runs/fair_matrix_152_304_608_912_seed42_44/runs/prism/working_33_plus_5_lm_compare_eval304_seed42/manifest.json,EvoNN-Compare/manual_compare_runs/fair_matrix_152_304_608_912_seed42_44/runs/prism/working_33_plus_5_lm_compare_eval304_seed42/results.json,prism|working_33_plus_5_lm_compare_eval304_seed42|2026-04-18T20:54:43.641274Z|EvoNN-Compare/manual_compare_runs/fair_matrix_152_304_608_912_seed42_44/runs/prism/working_33_plus_5_lm_compare_eval304_seed42/manifest.json,prism,0.1.0,EvoNN-Compare/manual_compare_runs/fair_matrix_152_304_608_912_seed42_44
38,1,190,2,prototype_equal_budget,4,1085.26,2026-04-18T20:54:43.681701Z,working_33_plus_5_lm_compare_eval304,prototype_equal_budget,1b2d6bb6f72496504697b7e320cdb23f3144907a,f89eede933eccf50,190,42,working_33_plus_5_lm_compare_eval304,working_33_plus_5_lm_compare_eval304_seed42,working_33_plus_5_lm_compare_eval304_seed42,42,EvoNN-Compare/manual_compare_runs/fair_matrix_152_304_608_912_seed42_44/runs/topograph/working_33_plus_5_lm_compare_eval304_seed42/manifest.json,EvoNN-Compare/manual_compare_runs/fair_matrix_152_304_608_912_seed42_44/runs/topograph/working_33_plus_5_lm_compare_eval304_seed42/results.json,topograph|working_33_plus_5_lm_compare_eval304_seed42|2026-04-18T20:54:43.681701Z|EvoNN-Compare/manual_compare_runs/fair_matrix_152_304_608_912_seed42_44/runs/topograph/working_33_plus_5_lm_compare_eval304_seed42/manifest.json,topograph,0.1.0,EvoNN-Compare/manual_compare_runs/fair_matrix_152_304_608_912_seed42_44
38,1,304,1,prototype_equal_budget,8,,2026-04-18T20:54:45.150514Z,working_33_plus_5_lm_compare_eval304,prototype_equal_budget,1b2d6bb6f72496504697b7e320cdb23f3144907a,f89eede933eccf50,304,42,working_33_plus_5_lm_compare_eval304,working_33_plus_5_lm_compare_eval304_seed42,working_33_plus_5_lm_compare_eval304_seed42,42,EvoNN-Compare/manual_compare_runs/fair_matrix_152_304_608_912_seed42_44/runs/stratograph/working_33_plus_5_lm_compare_eval304_seed42/manifest.json,EvoNN-Compare/manual_compare_runs/fair_matrix_152_304_608_912_seed42_44/runs/stratograph/working_33_plus_5_lm_compare_eval304_seed42/results.json,stratograph|working_33_plus_5_lm_compare_eval304_seed42|2026-04-18T20:54:45.150514Z|EvoNN-Compare/manual_compare_runs/fair_matrix_152_304_608_912_seed42_44/runs/stratograph/working_33_plus_5_lm_compare_eval304_seed42/manifest.json,stratograph,,EvoNN-Compare/manual_compare_runs/fair_matrix_152_304_608_912_seed42_44
4,1,8,1,prototype_equal_budget,2,,2026-04-18T22:31:37.538736Z,tiny_fair_matrix_pack_eval8,prototype_equal_budget,cf743dfc6e57daf80f8a7e8f5d6a70bf238be45c,e01af1acc4fe9235,8,42,tiny_fair_matrix_pack_eval8,tiny_fair_matrix_pack_eval8_seed42,tiny_fair_matrix_pack_eval8_seed42,42,EvoNN-Compare/manual_compare_runs/20260419_tiny_fair_matrix_smoke_fix/runs/prism/tiny_fair_matrix_pack_eval8_seed42/manifest.json,EvoNN-Compare/manual_compare_runs/20260419_tiny_fair_matrix_smoke_fix/runs/prism/tiny_fair_matrix_pack_eval8_seed42/results.json,prism|tiny_fair_matrix_pack_eval8_seed42|2026-04-18T22:31:37.538736Z|EvoNN-Compare/manual_compare_runs/20260419_tiny_fair_matrix_smoke_fix/runs/prism/tiny_fair_matrix_pack_eval8_seed42/manifest.json,prism,0.1.0,EvoNN-Compare/manual_compare_runs/20260419_tiny_fair_matrix_smoke_fix
4,1,8,1,prototype_equal_budget,2,33.82,2026-04-18T22:31:38.822637Z,tiny_fair_matrix_pack_eval8,prototype_equal_budget,cf743dfc6e57daf80f8a7e8f5d6a70bf238be45c,e01af1acc4fe9235,8,42,tiny_fair_matrix_pack_eval8,tiny_fair_matrix_pack_eval8_seed42,tiny_fair_matrix_pack_eval8_seed42,42,EvoNN-Compare/manual_compare_runs/20260419_tiny_fair_matrix_smoke_fix/runs/topograph/tiny_fair_matrix_pack_eval8_seed42/manifest.json,EvoNN-Compare/manual_compare_runs/20260419_tiny_fair_matrix_smoke_fix/runs/topograph/tiny_fair_matrix_pack_eval8_seed42/results.json,topograph|tiny_fair_matrix_pack_eval8_seed42|2026-04-18T22:31:38.822637Z|EvoNN-Compare/manual_compare_runs/20260419_tiny_fair_matrix_smoke_fix/runs/topograph/tiny_fair_matrix_pack_eval8_seed42/manifest.json,topograph,0.1.0,EvoNN-Compare/manual_compare_runs/20260419_tiny_fair_matrix_smoke_fix
4,1,8,1,prototype_equal_budget,2,,2026-04-18T22:31:40.256084Z,tiny_fair_matrix_pack_eval8,prototype_equal_budget,cf743dfc6e57daf80f8a7e8f5d6a70bf238be45c,e01af1acc4fe9235,8,42,tiny_fair_matrix_pack_eval8,tiny_fair_matrix_pack_eval8_seed42,tiny_fair_matrix_pack_eval8_seed42,42,EvoNN-Compare/manual_compare_runs/20260419_tiny_fair_matrix_smoke_fix/runs/stratograph/tiny_fair_matrix_pack_eval8_seed42/manifest.json,EvoNN-Compare/manual_compare_runs/20260419_tiny_fair_matrix_smoke_fix/runs/stratograph/tiny_fair_matrix_pack_eval8_seed42/results.json,stratograph|tiny_fair_matrix_pack_eval8_seed42|2026-04-18T22:31:40.256084Z|EvoNN-Compare/manual_compare_runs/20260419_tiny_fair_matrix_smoke_fix/runs/stratograph/tiny_fair_matrix_pack_eval8_seed42/manifest.json,stratograph,,EvoNN-Compare/manual_compare_runs/20260419_tiny_fair_matrix_smoke_fix
4,1,8,1,prototype_equal_budget,8,,2026-04-18T22:31:49.649712Z,tiny_fair_matrix_pack_eval8,prototype_equal_budget,cf743dfc6e57daf80f8a7e8f5d6a70bf238be45c,e01af1acc4fe9235,8,42,tiny_fair_matrix_pack_eval8,tiny_fair_matrix_pack_eval8_seed42,tiny_fair_matrix_pack_eval8_seed42,42,EvoNN-Compare/manual_compare_runs/20260419_tiny_fair_matrix_smoke_fix/runs/contenders/tiny_fair_matrix_pack_eval8_seed42/manifest.json,EvoNN-Compare/manual_compare_runs/20260419_tiny_fair_matrix_smoke_fix/runs/contenders/tiny_fair_matrix_pack_eval8_seed42/results.json,contenders|tiny_fair_matrix_pack_eval8_seed42|2026-04-18T22:31:49.649712Z|EvoNN-Compare/manual_compare_runs/20260419_tiny_fair_matrix_smoke_fix/runs/contenders/tiny_fair_matrix_pack_eval8_seed42/manifest.json,contenders,0.1.0,EvoNN-Compare/manual_compare_runs/20260419_tiny_fair_matrix_smoke_fix
38,1,304,1,prototype_equal_budget,8,,2026-04-18T22:53:22.550316Z,working_33_plus_5_lm_compare_eval304,prototype_equal_budget,1daed419916ad46559ed41e61ad3b9d4bb175054,f89eede933eccf50,304,42,working_33_plus_5_lm_compare_eval304,working_33_plus_5_lm_compare_eval304_seed42,working_33_plus_5_lm_compare_eval304_seed42,42,EvoNN-Compare/manual_compare_runs/fair_matrix_304_608_912_seed42_44_rerun/runs/prism/working_33_plus_5_lm_compare_eval304_seed42/manifest.json,EvoNN-Compare/manual_compare_runs/fair_matrix_304_608_912_seed42_44_rerun/runs/prism/working_33_plus_5_lm_compare_eval304_seed42/results.json,prism|working_33_plus_5_lm_compare_eval304_seed42|2026-04-18T22:53:22.550316Z|EvoNN-Compare/manual_compare_runs/fair_matrix_304_608_912_seed42_44_rerun/runs/prism/working_33_plus_5_lm_compare_eval304_seed42/manifest.json,prism,0.1.0,EvoNN-Compare/manual_compare_runs/fair_matrix_304_608_912_seed42_44_rerun
38,1,190,2,prototype_equal_budget,4,1078.12,2026-04-18T22:53:22.592696Z,working_33_plus_5_lm_compare_eval304,prototype_equal_budget,1daed419916ad46559ed41e61ad3b9d4bb175054,f89eede933eccf50,190,42,working_33_plus_5_lm_compare_eval304,working_33_plus_5_lm_compare_eval304_seed42,working_33_plus_5_lm_compare_eval304_seed42,42,EvoNN-Compare/manual_compare_runs/fair_matrix_304_608_912_seed42_44_rerun/runs/topograph/working_33_plus_5_lm_compare_eval304_seed42/manifest.json,EvoNN-Compare/manual_compare_runs/fair_matrix_304_608_912_seed42_44_rerun/runs/topograph/working_33_plus_5_lm_compare_eval304_seed42/results.json,topograph|working_33_plus_5_lm_compare_eval304_seed42|2026-04-18T22:53:22.592696Z|EvoNN-Compare/manual_compare_runs/fair_matrix_304_608_912_seed42_44_rerun/runs/topograph/working_33_plus_5_lm_compare_eval304_seed42/manifest.json,topograph,0.1.0,EvoNN-Compare/manual_compare_runs/fair_matrix_304_608_912_seed42_44_rerun
38,1,304,1,prototype_equal_budget,8,,2026-04-18T22:53:24.042943Z,working_33_plus_5_lm_compare_eval304,prototype_equal_budget,1daed419916ad46559ed41e61ad3b9d4bb175054,f89eede933eccf50,304,42,working_33_plus_5_lm_compare_eval304,working_33_plus_5_lm_compare_eval304_seed42,working_33_plus_5_lm_compare_eval304_seed42,42,EvoNN-Compare/manual_compare_runs/fair_matrix_304_608_912_seed42_44_rerun/runs/stratograph/working_33_plus_5_lm_compare_eval304_seed42/manifest.json,EvoNN-Compare/manual_compare_runs/fair_matrix_304_608_912_seed42_44_rerun/runs/stratograph/working_33_plus_5_lm_compare_eval304_seed42/results.json,stratograph|working_33_plus_5_lm_compare_eval304_seed42|2026-04-18T22:53:24.042943Z|EvoNN-Compare/manual_compare_runs/fair_matrix_304_608_912_seed42_44_rerun/runs/stratograph/working_33_plus_5_lm_compare_eval304_seed42/manifest.json,stratograph,,EvoNN-Compare/manual_compare_runs/fair_matrix_304_608_912_seed42_44_rerun
38,1,304,1,prototype_equal_budget,8,,2026-04-19T05:39:25.793956Z,working_33_plus_5_lm_compare_eval304,prototype_equal_budget,9c0e9ae56d75400613229a456caf00b6bc8879a2,f89eede933eccf50,304,42,working_33_plus_5_lm_compare_eval304,working_33_plus_5_lm_compare_eval304_seed42,working_33_plus_5_lm_compare_eval304_seed42,42,EvoNN-Compare/manual_compare_runs/fair_matrix_304_608_912_seed42_44_rerun2/runs/prism/working_33_plus_5_lm_compare_eval304_seed42/manifest.json,EvoNN-Compare/manual_compare_runs/fair_matrix_304_608_912_seed42_44_rerun2/runs/prism/working_33_plus_5_lm_compare_eval304_seed42/results.json,prism|working_33_plus_5_lm_compare_eval304_seed42|2026-04-19T05:39:25.793956Z|EvoNN-Compare/manual_compare_runs/fair_matrix_304_608_912_seed42_44_rerun2/runs/prism/working_33_plus_5_lm_compare_eval304_seed42/manifest.json,prism,0.1.0,EvoNN-Compare/manual_compare_runs/fair_matrix_304_608_912_seed42_44_rerun2
38,1,190,2,prototype_equal_budget,4,1098.5,2026-04-19T05:39:25.843079Z,working_33_plus_5_lm_compare_eval304,prototype_equal_budget,9c0e9ae56d75400613229a456caf00b6bc8879a2,f89eede933eccf50,190,42,working_33_plus_5_lm_compare_eval304,working_33_plus_5_lm_compare_eval304_seed42,working_33_plus_5_lm_compare_eval304_seed42,42,EvoNN-Compare/manual_compare_runs/fair_matrix_304_608_912_seed42_44_rerun2/runs/topograph/working_33_plus_5_lm_compare_eval304_seed42/manifest.json,EvoNN-Compare/manual_compare_runs/fair_matrix_304_608_912_seed42_44_rerun2/runs/topograph/working_33_plus_5_lm_compare_eval304_seed42/results.json,topograph|working_33_plus_5_lm_compare_eval304_seed42|2026-04-19T05:39:25.843079Z|EvoNN-Compare/manual_compare_runs/fair_matrix_304_608_912_seed42_44_rerun2/runs/topograph/working_33_plus_5_lm_compare_eval304_seed42/manifest.json,topograph,0.1.0,EvoNN-Compare/manual_compare_runs/fair_matrix_304_608_912_seed42_44_rerun2
38,1,304,1,prototype_equal_budget,8,,2026-04-19T05:39:27.290549Z,working_33_plus_5_lm_compare_eval304,prototype_equal_budget,9c0e9ae56d75400613229a456caf00b6bc8879a2,f89eede933eccf50,304,42,working_33_plus_5_lm_compare_eval304,working_33_plus_5_lm_compare_eval304_seed42,working_33_plus_5_lm_compare_eval304_seed42,42,EvoNN-Compare/manual_compare_runs/fair_matrix_304_608_912_seed42_44_rerun2/runs/stratograph/working_33_plus_5_lm_compare_eval304_seed42/manifest.json,EvoNN-Compare/manual_compare_runs/fair_matrix_304_608_912_seed42_44_rerun2/runs/stratograph/working_33_plus_5_lm_compare_eval304_seed42/results.json,stratograph|working_33_plus_5_lm_compare_eval304_seed42|2026-04-19T05:39:27.290549Z|EvoNN-Compare/manual_compare_runs/fair_matrix_304_608_912_seed42_44_rerun2/runs/stratograph/working_33_plus_5_lm_compare_eval304_seed42/manifest.json,stratograph,,EvoNN-Compare/manual_compare_runs/fair_matrix_304_608_912_seed42_44_rerun2
38,1,304,1,prototype_equal_budget,304,,2026-04-19T05:45:03.848311Z,working_33_plus_5_lm_compare_eval304,prototype_equal_budget,9c0e9ae56d75400613229a456caf00b6bc8879a2,f89eede933eccf50,304,42,working_33_plus_5_lm_compare_eval304,working_33_plus_5_lm_compare_eval304_seed42,working_33_plus_5_lm_compare_eval304_seed42,42,EvoNN-Compare/manual_compare_runs/fair_matrix_304_608_912_seed42_44_rerun2/runs/contenders/working_33_plus_5_lm_compare_eval304_seed42/manifest.json,EvoNN-Compare/manual_compare_runs/fair_matrix_304_608_912_seed42_44_rerun2/runs/contenders/working_33_plus_5_lm_compare_eval304_seed42/results.json,contenders|working_33_plus_5_lm_compare_eval304_seed42|2026-04-19T05:45:03.848311Z|EvoNN-Compare/manual_compare_runs/fair_matrix_304_608_912_seed42_44_rerun2/runs/contenders/working_33_plus_5_lm_compare_eval304_seed42/manifest.json,contenders,0.1.0,EvoNN-Compare/manual_compare_runs/fair_matrix_304_608_912_seed42_44_rerun2
38,1,304,1,prototype_equal_budget,8,,2026-04-19T05:53:22.004910Z,working_33_plus_5_lm_compare_eval304,prototype_equal_budget,9c0e9ae56d75400613229a456caf00b6bc8879a2,f89eede933eccf50,304,43,working_33_plus_5_lm_compare_eval304,working_33_plus_5_lm_compare_eval304_seed43,working_33_plus_5_lm_compare_eval304_seed43,43,EvoNN-Compare/manual_compare_runs/fair_matrix_304_608_912_seed42_44_rerun2/runs/prism/working_33_plus_5_lm_compare_eval304_seed43/manifest.json,EvoNN-Compare/manual_compare_runs/fair_matrix_304_608_912_seed42_44_rerun2/runs/prism/working_33_plus_5_lm_compare_eval304_seed43/results.json,prism|working_33_plus_5_lm_compare_eval304_seed43|2026-04-19T05:53:22.004910Z|EvoNN-Compare/manual_compare_runs/fair_matrix_304_608_912_seed42_44_rerun2/runs/prism/working_33_plus_5_lm_compare_eval304_seed43/manifest.json,prism,0.1.0,EvoNN-Compare/manual_compare_runs/fair_matrix_304_608_912_seed42_44_rerun2
38,1,190,2,prototype_equal_budget,4,495.62,2026-04-19T05:53:22.048583Z,working_33_plus_5_lm_compare_eval304,prototype_equal_budget,9c0e9ae56d75400613229a456caf00b6bc8879a2,f89eede933eccf50,190,43,working_33_plus_5_lm_compare_eval304,working_33_plus_5_lm_compare_eval304_seed43,working_33_plus_5_lm_compare_eval304_seed43,43,EvoNN-Compare/manual_compare_runs/fair_matrix_304_608_912_seed42_44_rerun2/runs/topograph/working_33_plus_5_lm_compare_eval304_seed43/manifest.json,EvoNN-Compare/manual_compare_runs/fair_matrix_304_608_912_seed42_44_rerun2/runs/topograph/working_33_plus_5_lm_compare_eval304_seed43/results.json,topograph|working_33_plus_5_lm_compare_eval304_seed43|2026-04-19T05:53:22.048583Z|EvoNN-Compare/manual_compare_runs/fair_matrix_304_608_912_seed42_44_rerun2/runs/topograph/working_33_plus_5_lm_compare_eval304_seed43/manifest.json,topograph,0.1.0,EvoNN-Compare/manual_compare_runs/fair_matrix_304_608_912_seed42_44_rerun2
38,1,304,1,prototype_equal_budget,8,,2026-04-19T05:53:23.491266Z,working_33_plus_5_lm_compare_eval304,prototype_equal_budget,9c0e9ae56d75400613229a456caf00b6bc8879a2,f89eede933eccf50,304,43,working_33_plus_5_lm_compare_eval304,working_33_plus_5_lm_compare_eval304_seed43,working_33_plus_5_lm_compare_eval304_seed43,43,EvoNN-Compare/manual_compare_runs/fair_matrix_304_608_912_seed42_44_rerun2/runs/stratograph/working_33_plus_5_lm_compare_eval304_seed43/manifest.json,EvoNN-Compare/manual_compare_runs/fair_matrix_304_608_912_seed42_44_rerun2/runs/stratograph/working_33_plus_5_lm_compare_eval304_seed43/results.json,stratograph|working_33_plus_5_lm_compare_eval304_seed43|2026-04-19T05:53:23.491266Z|EvoNN-Compare/manual_compare_runs/fair_matrix_304_608_912_seed42_44_rerun2/runs/stratograph/working_33_plus_5_lm_compare_eval304_seed43/manifest.json,stratograph,,EvoNN-Compare/manual_compare_runs/fair_matrix_304_608_912_seed42_44_rerun2
38,1,304,1,prototype_equal_budget,304,,2026-04-19T05:58:45.937254Z,working_33_plus_5_lm_compare_eval304,prototype_equal_budget,9c0e9ae56d75400613229a456caf00b6bc8879a2,f89eede933eccf50,304,43,working_33_plus_5_lm_compare_eval304,working_33_plus_5_lm_compare_eval304_seed43,working_33_plus_5_lm_compare_eval304_seed43,43,EvoNN-Compare/manual_compare_runs/fair_matrix_304_608_912_seed42_44_rerun2/runs/contenders/working_33_plus_5_lm_compare_eval304_seed43/manifest.json,EvoNN-Compare/manual_compare_runs/fair_matrix_304_608_912_seed42_44_rerun2/runs/contenders/working_33_plus_5_lm_compare_eval304_seed43/results.json,contenders|working_33_plus_5_lm_compare_eval304_seed43|2026-04-19T05:58:45.937254Z|EvoNN-Compare/manual_compare_runs/fair_matrix_304_608_912_seed42_44_rerun2/runs/contenders/working_33_plus_5_lm_compare_eval304_seed43/manifest.json,contenders,0.1.0,EvoNN-Compare/manual_compare_runs/fair_matrix_304_608_912_seed42_44_rerun2
38,1,304,1,prototype_equal_budget,8,,2026-04-19T06:10:22.236901Z,working_33_plus_5_lm_compare_eval304,prototype_equal_budget,9c0e9ae56d75400613229a456caf00b6bc8879a2,f89eede933eccf50,304,44,working_33_plus_5_lm_compare_eval304,working_33_plus_5_lm_compare_eval304_seed44,working_33_plus_5_lm_compare_eval304_seed44,44,EvoNN-Compare/manual_compare_runs/fair_matrix_304_608_912_seed42_44_rerun2/runs/prism/working_33_plus_5_lm_compare_eval304_seed44/manifest.json,EvoNN-Compare/manual_compare_runs/fair_matrix_304_608_912_seed42_44_rerun2/runs/prism/working_33_plus_5_lm_compare_eval304_seed44/results.json,prism|working_33_plus_5_lm_compare_eval304_seed44|2026-04-19T06:10:22.236901Z|EvoNN-Compare/manual_compare_runs/fair_matrix_304_608_912_seed42_44_rerun2/runs/prism/working_33_plus_5_lm_compare_eval304_seed44/manifest.json,prism,0.1.0,EvoNN-Compare/manual_compare_runs/fair_matrix_304_608_912_seed42_44_rerun2
38,1,190,2,prototype_equal_budget,4,693.76,2026-04-19T06:10:22.281346Z,working_33_plus_5_lm_compare_eval304,prototype_equal_budget,9c0e9ae56d75400613229a456caf00b6bc8879a2,f89eede933eccf50,190,44,working_33_plus_5_lm_compare_eval304,working_33_plus_5_lm_compare_eval304_seed44,working_33_plus_5_lm_compare_eval304_seed44,44,EvoNN-Compare/manual_compare_runs/fair_matrix_304_608_912_seed42_44_rerun2/runs/topograph/working_33_plus_5_lm_compare_eval304_seed44/manifest.json,EvoNN-Compare/manual_compare_runs/fair_matrix_304_608_912_seed42_44_rerun2/runs/topograph/working_33_plus_5_lm_compare_eval304_seed44/results.json,topograph|working_33_plus_5_lm_compare_eval304_seed44|2026-04-19T06:10:22.281346Z|EvoNN-Compare/manual_compare_runs/fair_matrix_304_608_912_seed42_44_rerun2/runs/topograph/working_33_plus_5_lm_compare_eval304_seed44/manifest.json,topograph,0.1.0,EvoNN-Compare/manual_compare_runs/fair_matrix_304_608_912_seed42_44_rerun2
38,1,304,1,prototype_equal_budget,8,,2026-04-19T06:10:23.706383Z,working_33_plus_5_lm_compare_eval304,prototype_equal_budget,9c0e9ae56d75400613229a456caf00b6bc8879a2,f89eede933eccf50,304,44,working_33_plus_5_lm_compare_eval304,working_33_plus_5_lm_compare_eval304_seed44,working_33_plus_5_lm_compare_eval304_seed44,44,EvoNN-Compare/manual_compare_runs/fair_matrix_304_608_912_seed42_44_rerun2/runs/stratograph/working_33_plus_5_lm_compare_eval304_seed44/manifest.json,EvoNN-Compare/manual_compare_runs/fair_matrix_304_608_912_seed42_44_rerun2/runs/stratograph/working_33_plus_5_lm_compare_eval304_seed44/results.json,stratograph|working_33_plus_5_lm_compare_eval304_seed44|2026-04-19T06:10:23.706383Z|EvoNN-Compare/manual_compare_runs/fair_matrix_304_608_912_seed42_44_rerun2/runs/stratograph/working_33_plus_5_lm_compare_eval304_seed44/manifest.json,stratograph,,EvoNN-Compare/manual_compare_runs/fair_matrix_304_608_912_seed42_44_rerun2
38,1,304,1,prototype_equal_budget,304,,2026-04-19T06:15:58.721157Z,working_33_plus_5_lm_compare_eval304,prototype_equal_budget,9c0e9ae56d75400613229a456caf00b6bc8879a2,f89eede933eccf50,304,44,working_33_plus_5_lm_compare_eval304,working_33_plus_5_lm_compare_eval304_seed44,working_33_plus_5_lm_compare_eval304_seed44,44,EvoNN-Compare/manual_compare_runs/fair_matrix_304_608_912_seed42_44_rerun2/runs/contenders/working_33_plus_5_lm_compare_eval304_seed44/manifest.json,EvoNN-Compare/manual_compare_runs/fair_matrix_304_608_912_seed42_44_rerun2/runs/contenders/working_33_plus_5_lm_compare_eval304_seed44/results.json,contenders|working_33_plus_5_lm_compare_eval304_seed44|2026-04-19T06:15:58.721157Z|EvoNN-Compare/manual_compare_runs/fair_matrix_304_608_912_seed42_44_rerun2/runs/contenders/working_33_plus_5_lm_compare_eval304_seed44/manifest.json,contenders,0.1.0,EvoNN-Compare/manual_compare_runs/fair_matrix_304_608_912_seed42_44_rerun2
38,1,608,2,prototype_equal_budget,8,,2026-04-19T06:41:33.195213Z,working_33_plus_5_lm_compare_eval608,prototype_equal_budget,9c0e9ae56d75400613229a456caf00b6bc8879a2,5fdff06e0600c29e,608,42,working_33_plus_5_lm_compare_eval608,working_33_plus_5_lm_compare_eval608_seed42,working_33_plus_5_lm_compare_eval608_seed42,42,EvoNN-Compare/manual_compare_runs/fair_matrix_304_608_912_seed42_44_rerun2/runs/prism/working_33_plus_5_lm_compare_eval608_seed42/manifest.json,EvoNN-Compare/manual_compare_runs/fair_matrix_304_608_912_seed42_44_rerun2/runs/prism/working_33_plus_5_lm_compare_eval608_seed42/results.json,prism|working_33_plus_5_lm_compare_eval608_seed42|2026-04-19T06:41:33.195213Z|EvoNN-Compare/manual_compare_runs/fair_matrix_304_608_912_seed42_44_rerun2/runs/prism/working_33_plus_5_lm_compare_eval608_seed42/manifest.json,prism,0.1.0,EvoNN-Compare/manual_compare_runs/fair_matrix_304_608_912_seed42_44_rerun2
38,1,342,4,prototype_equal_budget,4,1531.93,2026-04-19T06:41:33.236550Z,working_33_plus_5_lm_compare_eval608,prototype_equal_budget,9c0e9ae56d75400613229a456caf00b6bc8879a2,5fdff06e0600c29e,342,42,working_33_plus_5_lm_compare_eval608,working_33_plus_5_lm_compare_eval608_seed42,working_33_plus_5_lm_compare_eval608_seed42,42,EvoNN-Compare/manual_compare_runs/fair_matrix_304_608_912_seed42_44_rerun2/runs/topograph/working_33_plus_5_lm_compare_eval608_seed42/manifest.json,EvoNN-Compare/manual_compare_runs/fair_matrix_304_608_912_seed42_44_rerun2/runs/topograph/working_33_plus_5_lm_compare_eval608_seed42/results.json,topograph|working_33_plus_5_lm_compare_eval608_seed42|2026-04-19T06:41:33.236550Z|EvoNN-Compare/manual_compare_runs/fair_matrix_304_608_912_seed42_44_rerun2/runs/topograph/working_33_plus_5_lm_compare_eval608_seed42/manifest.json,topograph,0.1.0,EvoNN-Compare/manual_compare_runs/fair_matrix_304_608_912_seed42_44_rerun2
38,1,608,2,prototype_equal_budget,8,,2026-04-19T06:41:34.708191Z,working_33_plus_5_lm_compare_eval608,prototype_equal_budget,9c0e9ae56d75400613229a456caf00b6bc8879a2,5fdff06e0600c29e,608,42,working_33_plus_5_lm_compare_eval608,working_33_plus_5_lm_compare_eval608_seed42,working_33_plus_5_lm_compare_eval608_seed42,42,EvoNN-Compare/manual_compare_runs/fair_matrix_304_608_912_seed42_44_rerun2/runs/stratograph/working_33_plus_5_lm_compare_eval608_seed42/manifest.json,EvoNN-Compare/manual_compare_runs/fair_matrix_304_608_912_seed42_44_rerun2/runs/stratograph/working_33_plus_5_lm_compare_eval608_seed42/results.json,stratograph|working_33_plus_5_lm_compare_eval608_seed42|2026-04-19T06:41:34.708191Z|EvoNN-Compare/manual_compare_runs/fair_matrix_304_608_912_seed42_44_rerun2/runs/stratograph/working_33_plus_5_lm_compare_eval608_seed42/manifest.json,stratograph,,EvoNN-Compare/manual_compare_runs/fair_matrix_304_608_912_seed42_44_rerun2
38,1,608,1,prototype_equal_budget,608,,2026-04-19T06:52:09.565121Z,working_33_plus_5_lm_compare_eval608,prototype_equal_budget,9c0e9ae56d75400613229a456caf00b6bc8879a2,5fdff06e0600c29e,608,42,working_33_plus_5_lm_compare_eval608,working_33_plus_5_lm_compare_eval608_seed42,working_33_plus_5_lm_compare_eval608_seed42,42,EvoNN-Compare/manual_compare_runs/fair_matrix_304_608_912_seed42_44_rerun2/runs/contenders/working_33_plus_5_lm_compare_eval608_seed42/manifest.json,EvoNN-Compare/manual_compare_runs/fair_matrix_304_608_912_seed42_44_rerun2/runs/contenders/working_33_plus_5_lm_compare_eval608_seed42/results.json,contenders|working_33_plus_5_lm_compare_eval608_seed42|2026-04-19T06:52:09.565121Z|EvoNN-Compare/manual_compare_runs/fair_matrix_304_608_912_seed42_44_rerun2/runs/contenders/working_33_plus_5_lm_compare_eval608_seed42/manifest.json,contenders,0.1.0,EvoNN-Compare/manual_compare_runs/fair_matrix_304_608_912_seed42_44_rerun2
38,1,608,2,prototype_equal_budget,8,,2026-04-19T07:08:59.259562Z,working_33_plus_5_lm_compare_eval608,prototype_equal_budget,9c0e9ae56d75400613229a456caf00b6bc8879a2,5fdff06e0600c29e,608,43,working_33_plus_5_lm_compare_eval608,working_33_plus_5_lm_compare_eval608_seed43,working_33_plus_5_lm_compare_eval608_seed43,43,EvoNN-Compare/manual_compare_runs/fair_matrix_304_608_912_seed42_44_rerun2/runs/prism/working_33_plus_5_lm_compare_eval608_seed43/manifest.json,EvoNN-Compare/manual_compare_runs/fair_matrix_304_608_912_seed42_44_rerun2/runs/prism/working_33_plus_5_lm_compare_eval608_seed43/results.json,prism|working_33_plus_5_lm_compare_eval608_seed43|2026-04-19T07:08:59.259562Z|EvoNN-Compare/manual_compare_runs/fair_matrix_304_608_912_seed42_44_rerun2/runs/prism/working_33_plus_5_lm_compare_eval608_seed43/manifest.json,prism,0.1.0,EvoNN-Compare/manual_compare_runs/fair_matrix_304_608_912_seed42_44_rerun2
38,1,342,4,prototype_equal_budget,4,1007.15,2026-04-19T07:08:59.302491Z,working_33_plus_5_lm_compare_eval608,prototype_equal_budget,9c0e9ae56d75400613229a456caf00b6bc8879a2,5fdff06e0600c29e,342,43,working_33_plus_5_lm_compare_eval608,working_33_plus_5_lm_compare_eval608_seed43,working_33_plus_5_lm_compare_eval608_seed43,43,EvoNN-Compare/manual_compare_runs/fair_matrix_304_608_912_seed42_44_rerun2/runs/topograph/working_33_plus_5_lm_compare_eval608_seed43/manifest.json,EvoNN-Compare/manual_compare_runs/fair_matrix_304_608_912_seed42_44_rerun2/runs/topograph/working_33_plus_5_lm_compare_eval608_seed43/results.json,topograph|working_33_plus_5_lm_compare_eval608_seed43|2026-04-19T07:08:59.302491Z|EvoNN-Compare/manual_compare_runs/fair_matrix_304_608_912_seed42_44_rerun2/runs/topograph/working_33_plus_5_lm_compare_eval608_seed43/manifest.json,topograph,0.1.0,EvoNN-Compare/manual_compare_runs/fair_matrix_304_608_912_seed42_44_rerun2
38,1,608,2,prototype_equal_budget,8,,2026-04-19T07:09:00.739312Z,working_33_plus_5_lm_compare_eval608,prototype_equal_budget,9c0e9ae56d75400613229a456caf00b6bc8879a2,5fdff06e0600c29e,608,43,working_33_plus_5_lm_compare_eval608,working_33_plus_5_lm_compare_eval608_seed43,working_33_plus_5_lm_compare_eval608_seed43,43,EvoNN-Compare/manual_compare_runs/fair_matrix_304_608_912_seed42_44_rerun2/runs/stratograph/working_33_plus_5_lm_compare_eval608_seed43/manifest.json,EvoNN-Compare/manual_compare_runs/fair_matrix_304_608_912_seed42_44_rerun2/runs/stratograph/working_33_plus_5_lm_compare_eval608_seed43/results.json,stratograph|working_33_plus_5_lm_compare_eval608_seed43|2026-04-19T07:09:00.739312Z|EvoNN-Compare/manual_compare_runs/fair_matrix_304_608_912_seed42_44_rerun2/runs/stratograph/working_33_plus_5_lm_compare_eval608_seed43/manifest.json,stratograph,,EvoNN-Compare/manual_compare_runs/fair_matrix_304_608_912_seed42_44_rerun2
38,1,608,1,prototype_equal_budget,608,,2026-04-19T07:19:21.348559Z,working_33_plus_5_lm_compare_eval608,prototype_equal_budget,9c0e9ae56d75400613229a456caf00b6bc8879a2,5fdff06e0600c29e,608,43,working_33_plus_5_lm_compare_eval608,working_33_plus_5_lm_compare_eval608_seed43,working_33_plus_5_lm_compare_eval608_seed43,43,EvoNN-Compare/manual_compare_runs/fair_matrix_304_608_912_seed42_44_rerun2/runs/contenders/working_33_plus_5_lm_compare_eval608_seed43/manifest.json,EvoNN-Compare/manual_compare_runs/fair_matrix_304_608_912_seed42_44_rerun2/runs/contenders/working_33_plus_5_lm_compare_eval608_seed43/results.json,contenders|working_33_plus_5_lm_compare_eval608_seed43|2026-04-19T07:19:21.348559Z|EvoNN-Compare/manual_compare_runs/fair_matrix_304_608_912_seed42_44_rerun2/runs/contenders/working_33_plus_5_lm_compare_eval608_seed43/manifest.json,contenders,0.1.0,EvoNN-Compare/manual_compare_runs/fair_matrix_304_608_912_seed42_44_rerun2
38,1,608,2,prototype_equal_budget,8,,2026-04-19T07:40:06.244759Z,working_33_plus_5_lm_compare_eval608,prototype_equal_budget,9c0e9ae56d75400613229a456caf00b6bc8879a2,5fdff06e0600c29e,608,44,working_33_plus_5_lm_compare_eval608,working_33_plus_5_lm_compare_eval608_seed44,working_33_plus_5_lm_compare_eval608_seed44,44,EvoNN-Compare/manual_compare_runs/fair_matrix_304_608_912_seed42_44_rerun2/runs/prism/working_33_plus_5_lm_compare_eval608_seed44/manifest.json,EvoNN-Compare/manual_compare_runs/fair_matrix_304_608_912_seed42_44_rerun2/runs/prism/working_33_plus_5_lm_compare_eval608_seed44/results.json,prism|working_33_plus_5_lm_compare_eval608_seed44|2026-04-19T07:40:06.244759Z|EvoNN-Compare/manual_compare_runs/fair_matrix_304_608_912_seed42_44_rerun2/runs/prism/working_33_plus_5_lm_compare_eval608_seed44/manifest.json,prism,0.1.0,EvoNN-Compare/manual_compare_runs/fair_matrix_304_608_912_seed42_44_rerun2
38,1,342,4,prototype_equal_budget,4,1242.33,2026-04-19T07:40:06.289405Z,working_33_plus_5_lm_compare_eval608,prototype_equal_budget,9c0e9ae56d75400613229a456caf00b6bc8879a2,5fdff06e0600c29e,342,44,working_33_plus_5_lm_compare_eval608,working_33_plus_5_lm_compare_eval608_seed44,working_33_plus_5_lm_compare_eval608_seed44,44,EvoNN-Compare/manual_compare_runs/fair_matrix_304_608_912_seed42_44_rerun2/runs/topograph/working_33_plus_5_lm_compare_eval608_seed44/manifest.json,EvoNN-Compare/manual_compare_runs/fair_matrix_304_608_912_seed42_44_rerun2/runs/topograph/working_33_plus_5_lm_compare_eval608_seed44/results.json,topograph|working_33_plus_5_lm_compare_eval608_seed44|2026-04-19T07:40:06.289405Z|EvoNN-Compare/manual_compare_runs/fair_matrix_304_608_912_seed42_44_rerun2/runs/topograph/working_33_plus_5_lm_compare_eval608_seed44/manifest.json,topograph,0.1.0,EvoNN-Compare/manual_compare_runs/fair_matrix_304_608_912_seed42_44_rerun2
38,1,608,2,prototype_equal_budget,8,,2026-04-19T07:40:07.727660Z,working_33_plus_5_lm_compare_eval608,prototype_equal_budget,9c0e9ae56d75400613229a456caf00b6bc8879a2,5fdff06e0600c29e,608,44,working_33_plus_5_lm_compare_eval608,working_33_plus_5_lm_compare_eval608_seed44,working_33_plus_5_lm_compare_eval608_seed44,44,EvoNN-Compare/manual_compare_runs/fair_matrix_304_608_912_seed42_44_rerun2/runs/stratograph/working_33_plus_5_lm_compare_eval608_seed44/manifest.json,EvoNN-Compare/manual_compare_runs/fair_matrix_304_608_912_seed42_44_rerun2/runs/stratograph/working_33_plus_5_lm_compare_eval608_seed44/results.json,stratograph|working_33_plus_5_lm_compare_eval608_seed44|2026-04-19T07:40:07.727660Z|EvoNN-Compare/manual_compare_runs/fair_matrix_304_608_912_seed42_44_rerun2/runs/stratograph/working_33_plus_5_lm_compare_eval608_seed44/manifest.json,stratograph,,EvoNN-Compare/manual_compare_runs/fair_matrix_304_608_912_seed42_44_rerun2
38,1,608,1,prototype_equal_budget,608,,2026-04-19T07:50:52.010994Z,working_33_plus_5_lm_compare_eval608,prototype_equal_budget,9c0e9ae56d75400613229a456caf00b6bc8879a2,5fdff06e0600c29e,608,44,working_33_plus_5_lm_compare_eval608,working_33_plus_5_lm_compare_eval608_seed44,working_33_plus_5_lm_compare_eval608_seed44,44,EvoNN-Compare/manual_compare_runs/fair_matrix_304_608_912_seed42_44_rerun2/runs/contenders/working_33_plus_5_lm_compare_eval608_seed44/manifest.json,EvoNN-Compare/manual_compare_runs/fair_matrix_304_608_912_seed42_44_rerun2/runs/contenders/working_33_plus_5_lm_compare_eval608_seed44/results.json,contenders|working_33_plus_5_lm_compare_eval608_seed44|2026-04-19T07:50:52.010994Z|EvoNN-Compare/manual_compare_runs/fair_matrix_304_608_912_seed42_44_rerun2/runs/contenders/working_33_plus_5_lm_compare_eval608_seed44/manifest.json,contenders,0.1.0,EvoNN-Compare/manual_compare_runs/fair_matrix_304_608_912_seed42_44_rerun2
38,1,912,3,prototype_equal_budget,8,,2026-04-19T08:16:55.527730Z,working_33_plus_5_lm_compare_eval912,prototype_equal_budget,9c0e9ae56d75400613229a456caf00b6bc8879a2,e4e31ccfa3c5cabc,912,42,working_33_plus_5_lm_compare_eval912,working_33_plus_5_lm_compare_eval912_seed42,working_33_plus_5_lm_compare_eval912_seed42,42,EvoNN-Compare/manual_compare_runs/fair_matrix_304_608_912_seed42_44_rerun2/runs/prism/working_33_plus_5_lm_compare_eval912_seed42/manifest.json,EvoNN-Compare/manual_compare_runs/fair_matrix_304_608_912_seed42_44_rerun2/runs/prism/working_33_plus_5_lm_compare_eval912_seed42/results.json,prism|working_33_plus_5_lm_compare_eval912_seed42|2026-04-19T08:16:55.527730Z|EvoNN-Compare/manual_compare_runs/fair_matrix_304_608_912_seed42_44_rerun2/runs/prism/working_33_plus_5_lm_compare_eval912_seed42/manifest.json,prism,0.1.0,EvoNN-Compare/manual_compare_runs/fair_matrix_304_608_912_seed42_44_rerun2
38,1,532,3,prototype_equal_budget,8,1560.99,2026-04-19T08:16:55.565301Z,working_33_plus_5_lm_compare_eval912,prototype_equal_budget,9c0e9ae56d75400613229a456caf00b6bc8879a2,e4e31ccfa3c5cabc,532,42,working_33_plus_5_lm_compare_eval912,working_33_plus_5_lm_compare_eval912_seed42,working_33_plus_5_lm_compare_eval912_seed42,42,EvoNN-Compare/manual_compare_runs/fair_matrix_304_608_912_seed42_44_rerun2/runs/topograph/working_33_plus_5_lm_compare_eval912_seed42/manifest.json,EvoNN-Compare/manual_compare_runs/fair_matrix_304_608_912_seed42_44_rerun2/runs/topograph/working_33_plus_5_lm_compare_eval912_seed42/results.json,topograph|working_33_plus_5_lm_compare_eval912_seed42|2026-04-19T08:16:55.565301Z|EvoNN-Compare/manual_compare_runs/fair_matrix_304_608_912_seed42_44_rerun2/runs/topograph/working_33_plus_5_lm_compare_eval912_seed42/manifest.json,topograph,0.1.0,EvoNN-Compare/manual_compare_runs/fair_matrix_304_608_912_seed42_44_rerun2
38,1,912,3,prototype_equal_budget,8,,2026-04-19T08:16:56.992569Z,working_33_plus_5_lm_compare_eval912,prototype_equal_budget,9c0e9ae56d75400613229a456caf00b6bc8879a2,e4e31ccfa3c5cabc,912,42,working_33_plus_5_lm_compare_eval912,working_33_plus_5_lm_compare_eval912_seed42,working_33_plus_5_lm_compare_eval912_seed42,42,EvoNN-Compare/manual_compare_runs/fair_matrix_304_608_912_seed42_44_rerun2/runs/stratograph/working_33_plus_5_lm_compare_eval912_seed42/manifest.json,EvoNN-Compare/manual_compare_runs/fair_matrix_304_608_912_seed42_44_rerun2/runs/stratograph/working_33_plus_5_lm_compare_eval912_seed42/results.json,stratograph|working_33_plus_5_lm_compare_eval912_seed42|2026-04-19T08:16:56.992569Z|EvoNN-Compare/manual_compare_runs/fair_matrix_304_608_912_seed42_44_rerun2/runs/stratograph/working_33_plus_5_lm_compare_eval912_seed42/manifest.json,stratograph,,EvoNN-Compare/manual_compare_runs/fair_matrix_304_608_912_seed42_44_rerun2
38,1,912,1,prototype_equal_budget,912,,2026-04-19T08:32:59.208653Z,working_33_plus_5_lm_compare_eval912,prototype_equal_budget,9c0e9ae56d75400613229a456caf00b6bc8879a2,e4e31ccfa3c5cabc,912,42,working_33_plus_5_lm_compare_eval912,working_33_plus_5_lm_compare_eval912_seed42,working_33_plus_5_lm_compare_eval912_seed42,42,EvoNN-Compare/manual_compare_runs/fair_matrix_304_608_912_seed42_44_rerun2/runs/contenders/working_33_plus_5_lm_compare_eval912_seed42/manifest.json,EvoNN-Compare/manual_compare_runs/fair_matrix_304_608_912_seed42_44_rerun2/runs/contenders/working_33_plus_5_lm_compare_eval912_seed42/results.json,contenders|working_33_plus_5_lm_compare_eval912_seed42|2026-04-19T08:32:59.208653Z|EvoNN-Compare/manual_compare_runs/fair_matrix_304_608_912_seed42_44_rerun2/runs/contenders/working_33_plus_5_lm_compare_eval912_seed42/manifest.json,contenders,0.1.0,EvoNN-Compare/manual_compare_runs/fair_matrix_304_608_912_seed42_44_rerun2
38,1,912,3,prototype_equal_budget,8,,2026-04-19T12:12:48.219205Z,working_33_plus_5_lm_compare_eval912,prototype_equal_budget,9c0e9ae56d75400613229a456caf00b6bc8879a2,e4e31ccfa3c5cabc,912,43,working_33_plus_5_lm_compare_eval912,working_33_plus_5_lm_compare_eval912_seed43,working_33_plus_5_lm_compare_eval912_seed43,43,EvoNN-Compare/manual_compare_runs/fair_matrix_304_608_912_seed42_44_rerun2/runs/prism/working_33_plus_5_lm_compare_eval912_seed43/manifest.json,EvoNN-Compare/manual_compare_runs/fair_matrix_304_608_912_seed42_44_rerun2/runs/prism/working_33_plus_5_lm_compare_eval912_seed43/results.json,prism|working_33_plus_5_lm_compare_eval912_seed43|2026-04-19T12:12:48.219205Z|EvoNN-Compare/manual_compare_runs/fair_matrix_304_608_912_seed42_44_rerun2/runs/prism/working_33_plus_5_lm_compare_eval912_seed43/manifest.json,prism,0.1.0,EvoNN-Compare/manual_compare_runs/fair_matrix_304_608_912_seed42_44_rerun2
38,1,532,3,prototype_equal_budget,8,1015.78,2026-04-19T12:12:48.257724Z,working_33_plus_5_lm_compare_eval912,prototype_equal_budget,9c0e9ae56d75400613229a456caf00b6bc8879a2,e4e31ccfa3c5cabc,532,43,working_33_plus_5_lm_compare_eval912,working_33_plus_5_lm_compare_eval912_seed43,working_33_plus_5_lm_compare_eval912_seed43,43,EvoNN-Compare/manual_compare_runs/fair_matrix_304_608_912_seed42_44_rerun2/runs/topograph/working_33_plus_5_lm_compare_eval912_seed43/manifest.json,EvoNN-Compare/manual_compare_runs/fair_matrix_304_608_912_seed42_44_rerun2/runs/topograph/working_33_plus_5_lm_compare_eval912_seed43/results.json,topograph|working_33_plus_5_lm_compare_eval912_seed43|2026-04-19T12:12:48.257724Z|EvoNN-Compare/manual_compare_runs/fair_matrix_304_608_912_seed42_44_rerun2/runs/topograph/working_33_plus_5_lm_compare_eval912_seed43/manifest.json,topograph,0.1.0,EvoNN-Compare/manual_compare_runs/fair_matrix_304_608_912_seed42_44_rerun2
38,1,912,3,prototype_equal_budget,8,,2026-04-19T12:12:49.864421Z,working_33_plus_5_lm_compare_eval912,prototype_equal_budget,9c0e9ae56d75400613229a456caf00b6bc8879a2,e4e31ccfa3c5cabc,912,43,working_33_plus_5_lm_compare_eval912,working_33_plus_5_lm_compare_eval912_seed43,working_33_plus_5_lm_compare_eval912_seed43,43,EvoNN-Compare/manual_compare_runs/fair_matrix_304_608_912_seed42_44_rerun2/runs/stratograph/working_33_plus_5_lm_compare_eval912_seed43/manifest.json,EvoNN-Compare/manual_compare_runs/fair_matrix_304_608_912_seed42_44_rerun2/runs/stratograph/working_33_plus_5_lm_compare_eval912_seed43/results.json,stratograph|working_33_plus_5_lm_compare_eval912_seed43|2026-04-19T12:12:49.864421Z|EvoNN-Compare/manual_compare_runs/fair_matrix_304_608_912_seed42_44_rerun2/runs/stratograph/working_33_plus_5_lm_compare_eval912_seed43/manifest.json,stratograph,,EvoNN-Compare/manual_compare_runs/fair_matrix_304_608_912_seed42_44_rerun2
38,1,912,1,prototype_equal_budget,912,,2026-04-19T12:28:47.376796Z,working_33_plus_5_lm_compare_eval912,prototype_equal_budget,9c0e9ae56d75400613229a456caf00b6bc8879a2,e4e31ccfa3c5cabc,912,43,working_33_plus_5_lm_compare_eval912,working_33_plus_5_lm_compare_eval912_seed43,working_33_plus_5_lm_compare_eval912_seed43,43,EvoNN-Compare/manual_compare_runs/fair_matrix_304_608_912_seed42_44_rerun2/runs/contenders/working_33_plus_5_lm_compare_eval912_seed43/manifest.json,EvoNN-Compare/manual_compare_runs/fair_matrix_304_608_912_seed42_44_rerun2/runs/contenders/working_33_plus_5_lm_compare_eval912_seed43/results.json,contenders|working_33_plus_5_lm_compare_eval912_seed43|2026-04-19T12:28:47.376796Z|EvoNN-Compare/manual_compare_runs/fair_matrix_304_608_912_seed42_44_rerun2/runs/contenders/working_33_plus_5_lm_compare_eval912_seed43/manifest.json,contenders,0.1.0,EvoNN-Compare/manual_compare_runs/fair_matrix_304_608_912_seed42_44_rerun2
38,1,912,3,prototype_equal_budget,8,,2026-04-19T12:56:31.208526Z,working_33_plus_5_lm_compare_eval912,prototype_equal_budget,9c0e9ae56d75400613229a456caf00b6bc8879a2,e4e31ccfa3c5cabc,912,44,working_33_plus_5_lm_compare_eval912,working_33_plus_5_lm_compare_eval912_seed44,working_33_plus_5_lm_compare_eval912_seed44,44,EvoNN-Compare/manual_compare_runs/fair_matrix_304_608_912_seed42_44_rerun2/runs/prism/working_33_plus_5_lm_compare_eval912_seed44/manifest.json,EvoNN-Compare/manual_compare_runs/fair_matrix_304_608_912_seed42_44_rerun2/runs/prism/working_33_plus_5_lm_compare_eval912_seed44/results.json,prism|working_33_plus_5_lm_compare_eval912_seed44|2026-04-19T12:56:31.208526Z|EvoNN-Compare/manual_compare_runs/fair_matrix_304_608_912_seed42_44_rerun2/runs/prism/working_33_plus_5_lm_compare_eval912_seed44/manifest.json,prism,0.1.0,EvoNN-Compare/manual_compare_runs/fair_matrix_304_608_912_seed42_44_rerun2
38,1,684,3,prototype_equal_budget,8,1661.18,2026-04-19T12:56:31.252670Z,working_33_plus_5_lm_compare_eval912,prototype_equal_budget,9c0e9ae56d75400613229a456caf00b6bc8879a2,e4e31ccfa3c5cabc,684,44,working_33_plus_5_lm_compare_eval912,working_33_plus_5_lm_compare_eval912_seed44,working_33_plus_5_lm_compare_eval912_seed44,44,EvoNN-Compare/manual_compare_runs/fair_matrix_304_608_912_seed42_44_rerun2/runs/topograph/working_33_plus_5_lm_compare_eval912_seed44/manifest.json,EvoNN-Compare/manual_compare_runs/fair_matrix_304_608_912_seed42_44_rerun2/runs/topograph/working_33_plus_5_lm_compare_eval912_seed44/results.json,topograph|working_33_plus_5_lm_compare_eval912_seed44|2026-04-19T12:56:31.252670Z|EvoNN-Compare/manual_compare_runs/fair_matrix_304_608_912_seed42_44_rerun2/runs/topograph/working_33_plus_5_lm_compare_eval912_seed44/manifest.json,topograph,0.1.0,EvoNN-Compare/manual_compare_runs/fair_matrix_304_608_912_seed42_44_rerun2
38,1,912,3,prototype_equal_budget,8,,2026-04-19T12:56:32.998286Z,working_33_plus_5_lm_compare_eval912,prototype_equal_budget,9c0e9ae56d75400613229a456caf00b6bc8879a2,e4e31ccfa3c5cabc,912,44,working_33_plus_5_lm_compare_eval912,working_33_plus_5_lm_compare_eval912_seed44,working_33_plus_5_lm_compare_eval912_seed44,44,EvoNN-Compare/manual_compare_runs/fair_matrix_304_608_912_seed42_44_rerun2/runs/stratograph/working_33_plus_5_lm_compare_eval912_seed44/manifest.json,EvoNN-Compare/manual_compare_runs/fair_matrix_304_608_912_seed42_44_rerun2/runs/stratograph/working_33_plus_5_lm_compare_eval912_seed44/results.json,stratograph|working_33_plus_5_lm_compare_eval912_seed44|2026-04-19T12:56:32.998286Z|EvoNN-Compare/manual_compare_runs/fair_matrix_304_608_912_seed42_44_rerun2/runs/stratograph/working_33_plus_5_lm_compare_eval912_seed44/manifest.json,stratograph,,EvoNN-Compare/manual_compare_runs/fair_matrix_304_608_912_seed42_44_rerun2
38,1,912,1,prototype_equal_budget,912,,2026-04-19T13:12:26.397712Z,working_33_plus_5_lm_compare_eval912,prototype_equal_budget,9c0e9ae56d75400613229a456caf00b6bc8879a2,e4e31ccfa3c5cabc,912,44,working_33_plus_5_lm_compare_eval912,working_33_plus_5_lm_compare_eval912_seed44,working_33_plus_5_lm_compare_eval912_seed44,44,EvoNN-Compare/manual_compare_runs/fair_matrix_304_608_912_seed42_44_rerun2/runs/contenders/working_33_plus_5_lm_compare_eval912_seed44/manifest.json,EvoNN-Compare/manual_compare_runs/fair_matrix_304_608_912_seed42_44_rerun2/runs/contenders/working_33_plus_5_lm_compare_eval912_seed44/results.json,contenders|working_33_plus_5_lm_compare_eval912_seed44|2026-04-19T13:12:26.397712Z|EvoNN-Compare/manual_compare_runs/fair_matrix_304_608_912_seed42_44_rerun2/runs/contenders/working_33_plus_5_lm_compare_eval912_seed44/manifest.json,contenders,0.1.0,EvoNN-Compare/manual_compare_runs/fair_matrix_304_608_912_seed42_44_rerun2
